"Benchmark";"Mode";"Threads";"Samples";"Score";"Score Error (99,9%)";"Unit";"HashTable";"Key";"RandomKeys";"Size";"UseCapacity"
"org.kblees.hashtable.AddBenchmark.put";"avgt";1;3;141,923057;4,434250;"ns/op";LockFree;Int;true;1024;false
"org.kblees.hashtable.AddBenchmark.put";"avgt";1;3;134,501383;8,293976;"ns/op";LockFree;Int;true;1149;false
"org.kblees.hashtable.AddBenchmark.put";"avgt";1;3;125,562122;2,925027;"ns/op";LockFree;Int;true;1290;false
"org.kblees.hashtable.AddBenchmark.put";"avgt";1;3;120,535332;26,538402;"ns/op";LockFree;Int;true;1448;false
"org.kblees.hashtable.AddBenchmark.put";"avgt";1;3;113,534528;7,717179;"ns/op";LockFree;Int;true;1625;false
"org.kblees.hashtable.AddBenchmark.put";"avgt";1;3;107,481126;5,242940;"ns/op";LockFree;Int;true;1825;false
"org.kblees.hashtable.AddBenchmark.put";"avgt";1;3;146,771138;54,370405;"ns/op";LockFree;Int;true;2048;false
"org.kblees.hashtable.AddBenchmark.put";"avgt";1;3;134,490822;3,214040;"ns/op";LockFree;Int;true;2299;false
"org.kblees.hashtable.AddBenchmark.put";"avgt";1;3;124,151655;2,235587;"ns/op";LockFree;Int;true;2580;false
"org.kblees.hashtable.AddBenchmark.put";"avgt";1;3;114,233338;5,406605;"ns/op";LockFree;Int;true;2896;false
"org.kblees.hashtable.AddBenchmark.put";"avgt";1;3;107,770813;3,262472;"ns/op";LockFree;Int;true;3251;false
"org.kblees.hashtable.AddBenchmark.put";"avgt";1;3;100,619423;2,587737;"ns/op";LockFree;Int;true;3649;false
"org.kblees.hashtable.AddBenchmark.put";"avgt";1;3;132,287883;10,234846;"ns/op";LockFree;Int;true;4096;false
"org.kblees.hashtable.AddBenchmark.put";"avgt";1;3;120,826432;2,218857;"ns/op";LockFree;Int;true;4598;false
"org.kblees.hashtable.AddBenchmark.put";"avgt";1;3;114,470136;7,210961;"ns/op";LockFree;Int;true;5161;false
"org.kblees.hashtable.AddBenchmark.put";"avgt";1;3;109,672324;4,977293;"ns/op";LockFree;Int;true;5793;false
"org.kblees.hashtable.AddBenchmark.put";"avgt";1;3;105,303193;1,369645;"ns/op";LockFree;Int;true;6502;false
"org.kblees.hashtable.AddBenchmark.put";"avgt";1;3;100,721699;3,243662;"ns/op";LockFree;Int;true;7298;false
"org.kblees.hashtable.AddBenchmark.put";"avgt";1;3;133,005815;4,202176;"ns/op";LockFree;Int;true;8192;false
"org.kblees.hashtable.AddBenchmark.put";"avgt";1;3;123,463871;5,451985;"ns/op";LockFree;Int;true;9195;false
"org.kblees.hashtable.AddBenchmark.put";"avgt";1;3;116,092091;13,143470;"ns/op";LockFree;Int;true;10321;false
"org.kblees.hashtable.AddBenchmark.put";"avgt";1;3;111,603762;18,151847;"ns/op";LockFree;Int;true;11585;false
"org.kblees.hashtable.AddBenchmark.put";"avgt";1;3;105,765183;25,033393;"ns/op";LockFree;Int;true;13004;false
"org.kblees.hashtable.AddBenchmark.put";"avgt";1;3;98,046058;4,168671;"ns/op";LockFree;Int;true;14596;false
"org.kblees.hashtable.AddBenchmark.put";"avgt";1;3;136,396723;0,763945;"ns/op";LockFree;Int;true;16384;false
"org.kblees.hashtable.AddBenchmark.put";"avgt";1;3;76,218158;10,593551;"ns/op";Concurrent;Int;true;1024;false
"org.kblees.hashtable.AddBenchmark.put";"avgt";1;3;73,907722;11,361589;"ns/op";Concurrent;Int;true;1149;false
"org.kblees.hashtable.AddBenchmark.put";"avgt";1;3;68,868288;6,810361;"ns/op";Concurrent;Int;true;1290;false
"org.kblees.hashtable.AddBenchmark.put";"avgt";1;3;64,534385;4,885466;"ns/op";Concurrent;Int;true;1448;false
"org.kblees.hashtable.AddBenchmark.put";"avgt";1;3;96,139755;2,683698;"ns/op";Concurrent;Int;true;1625;false
"org.kblees.hashtable.AddBenchmark.put";"avgt";1;3;90,752819;1,080432;"ns/op";Concurrent;Int;true;1825;false
"org.kblees.hashtable.AddBenchmark.put";"avgt";1;3;81,554693;2,183109;"ns/op";Concurrent;Int;true;2048;false
"org.kblees.hashtable.AddBenchmark.put";"avgt";1;3;76,476906;2,123858;"ns/op";Concurrent;Int;true;2299;false
"org.kblees.hashtable.AddBenchmark.put";"avgt";1;3;71,741326;5,137765;"ns/op";Concurrent;Int;true;2580;false
"org.kblees.hashtable.AddBenchmark.put";"avgt";1;3;67,725383;16,388402;"ns/op";Concurrent;Int;true;2896;false
"org.kblees.hashtable.AddBenchmark.put";"avgt";1;3;97,215657;3,579518;"ns/op";Concurrent;Int;true;3251;false
"org.kblees.hashtable.AddBenchmark.put";"avgt";1;3;91,064702;18,046052;"ns/op";Concurrent;Int;true;3649;false
"org.kblees.hashtable.AddBenchmark.put";"avgt";1;3;84,564926;13,229614;"ns/op";Concurrent;Int;true;4096;false
"org.kblees.hashtable.AddBenchmark.put";"avgt";1;3;76,807278;2,316722;"ns/op";Concurrent;Int;true;4598;false
"org.kblees.hashtable.AddBenchmark.put";"avgt";1;3;71,823040;3,516993;"ns/op";Concurrent;Int;true;5161;false
"org.kblees.hashtable.AddBenchmark.put";"avgt";1;3;67,165726;3,795032;"ns/op";Concurrent;Int;true;5793;false
"org.kblees.hashtable.AddBenchmark.put";"avgt";1;3;99,847598;4,068509;"ns/op";Concurrent;Int;true;6502;false
"org.kblees.hashtable.AddBenchmark.put";"avgt";1;3;90,483616;6,660765;"ns/op";Concurrent;Int;true;7298;false
"org.kblees.hashtable.AddBenchmark.put";"avgt";1;3;84,620670;2,565750;"ns/op";Concurrent;Int;true;8192;false
"org.kblees.hashtable.AddBenchmark.put";"avgt";1;3;79,420579;3,287224;"ns/op";Concurrent;Int;true;9195;false
"org.kblees.hashtable.AddBenchmark.put";"avgt";1;3;78,540807;34,269987;"ns/op";Concurrent;Int;true;10321;false
"org.kblees.hashtable.AddBenchmark.put";"avgt";1;3;70,174818;5,230532;"ns/op";Concurrent;Int;true;11585;false
"org.kblees.hashtable.AddBenchmark.put";"avgt";1;3;102,881769;2,955265;"ns/op";Concurrent;Int;true;13004;false
"org.kblees.hashtable.AddBenchmark.put";"avgt";1;3;95,128279;1,645000;"ns/op";Concurrent;Int;true;14596;false
"org.kblees.hashtable.AddBenchmark.put";"avgt";1;3;88,225487;8,285895;"ns/op";Concurrent;Int;true;16384;false
"org.kblees.hashtable.AddBenchmark.put";"avgt";1;3;27,858245;7,352348;"ns/op";Koloboke;Int;true;1024;false
"org.kblees.hashtable.AddBenchmark.put";"avgt";1;3;28,175290;6,441973;"ns/op";Koloboke;Int;true;1149;false
"org.kblees.hashtable.AddBenchmark.put";"avgt";1;3;31,514852;5,384357;"ns/op";Koloboke;Int;true;1290;false
"org.kblees.hashtable.AddBenchmark.put";"avgt";1;3;44,593195;3,572154;"ns/op";Koloboke;Int;true;1448;false
"org.kblees.hashtable.AddBenchmark.put";"avgt";1;3;41,914144;2,743965;"ns/op";Koloboke;Int;true;1625;false
"org.kblees.hashtable.AddBenchmark.put";"avgt";1;3;40,992577;0,404309;"ns/op";Koloboke;Int;true;1825;false
"org.kblees.hashtable.AddBenchmark.put";"avgt";1;3;36,226153;0,799075;"ns/op";Koloboke;Int;true;2048;false
"org.kblees.hashtable.AddBenchmark.put";"avgt";1;3;34,214561;2,199570;"ns/op";Koloboke;Int;true;2299;false
"org.kblees.hashtable.AddBenchmark.put";"avgt";1;3;33,075840;0,729313;"ns/op";Koloboke;Int;true;2580;false
"org.kblees.hashtable.AddBenchmark.put";"avgt";1;3;44,933100;0,319312;"ns/op";Koloboke;Int;true;2896;false
"org.kblees.hashtable.AddBenchmark.put";"avgt";1;3;43,497593;1,035296;"ns/op";Koloboke;Int;true;3251;false
"org.kblees.hashtable.AddBenchmark.put";"avgt";1;3;40,336820;0,857014;"ns/op";Koloboke;Int;true;3649;false
"org.kblees.hashtable.AddBenchmark.put";"avgt";1;3;36,149579;1,843387;"ns/op";Koloboke;Int;true;4096;false
"org.kblees.hashtable.AddBenchmark.put";"avgt";1;3;36,053059;7,691386;"ns/op";Koloboke;Int;true;4598;false
"org.kblees.hashtable.AddBenchmark.put";"avgt";1;3;35,232647;1,230877;"ns/op";Koloboke;Int;true;5161;false
"org.kblees.hashtable.AddBenchmark.put";"avgt";1;3;48,680394;7,275921;"ns/op";Koloboke;Int;true;5793;false
"org.kblees.hashtable.AddBenchmark.put";"avgt";1;3;45,280104;2,524436;"ns/op";Koloboke;Int;true;6502;false
"org.kblees.hashtable.AddBenchmark.put";"avgt";1;3;42,387656;7,414653;"ns/op";Koloboke;Int;true;7298;false
"org.kblees.hashtable.AddBenchmark.put";"avgt";1;3;39,624100;2,365863;"ns/op";Koloboke;Int;true;8192;false
"org.kblees.hashtable.AddBenchmark.put";"avgt";1;3;37,984627;6,247876;"ns/op";Koloboke;Int;true;9195;false
"org.kblees.hashtable.AddBenchmark.put";"avgt";1;3;36,756395;7,841624;"ns/op";Koloboke;Int;true;10321;false
"org.kblees.hashtable.AddBenchmark.put";"avgt";1;3;50,427858;6,182699;"ns/op";Koloboke;Int;true;11585;false
"org.kblees.hashtable.AddBenchmark.put";"avgt";1;3;46,480152;2,182962;"ns/op";Koloboke;Int;true;13004;false
"org.kblees.hashtable.AddBenchmark.put";"avgt";1;3;44,660270;7,083954;"ns/op";Koloboke;Int;true;14596;false
"org.kblees.hashtable.AddBenchmark.put";"avgt";1;3;43,143822;3,540062;"ns/op";Koloboke;Int;true;16384;false
"org.kblees.hashtable.AddBenchmark.put";"avgt";1;3;30,523381;6,489662;"ns/op";FastUtil;Int;true;1024;false
"org.kblees.hashtable.AddBenchmark.put";"avgt";1;3;32,327231;6,853866;"ns/op";FastUtil;Int;true;1149;false
"org.kblees.hashtable.AddBenchmark.put";"avgt";1;3;28,320433;2,466616;"ns/op";FastUtil;Int;true;1290;false
"org.kblees.hashtable.AddBenchmark.put";"avgt";1;3;28,223573;4,801014;"ns/op";FastUtil;Int;true;1448;false
"org.kblees.hashtable.AddBenchmark.put";"avgt";1;3;40,647242;3,989261;"ns/op";FastUtil;Int;true;1625;false
"org.kblees.hashtable.AddBenchmark.put";"avgt";1;3;37,155029;1,489529;"ns/op";FastUtil;Int;true;1825;false
"org.kblees.hashtable.AddBenchmark.put";"avgt";1;3;36,593882;1,542503;"ns/op";FastUtil;Int;true;2048;false
"org.kblees.hashtable.AddBenchmark.put";"avgt";1;3;35,161202;1,214671;"ns/op";FastUtil;Int;true;2299;false
"org.kblees.hashtable.AddBenchmark.put";"avgt";1;3;35,512462;2,906907;"ns/op";FastUtil;Int;true;2580;false
"org.kblees.hashtable.AddBenchmark.put";"avgt";1;3;33,873342;1,606883;"ns/op";FastUtil;Int;true;2896;false
"org.kblees.hashtable.AddBenchmark.put";"avgt";1;3;44,289652;1,974289;"ns/op";FastUtil;Int;true;3251;false
"org.kblees.hashtable.AddBenchmark.put";"avgt";1;3;41,021278;0,492476;"ns/op";FastUtil;Int;true;3649;false
"org.kblees.hashtable.AddBenchmark.put";"avgt";1;3;39,729086;0,913354;"ns/op";FastUtil;Int;true;4096;false
"org.kblees.hashtable.AddBenchmark.put";"avgt";1;3;38,224767;0,378075;"ns/op";FastUtil;Int;true;4598;false
"org.kblees.hashtable.AddBenchmark.put";"avgt";1;3;39,158524;0,997117;"ns/op";FastUtil;Int;true;5161;false
"org.kblees.hashtable.AddBenchmark.put";"avgt";1;3;34,902837;0,603396;"ns/op";FastUtil;Int;true;5793;false
"org.kblees.hashtable.AddBenchmark.put";"avgt";1;3;47,846516;15,506326;"ns/op";FastUtil;Int;true;6502;false
"org.kblees.hashtable.AddBenchmark.put";"avgt";1;3;44,089438;1,574140;"ns/op";FastUtil;Int;true;7298;false
"org.kblees.hashtable.AddBenchmark.put";"avgt";1;3;41,256269;1,004581;"ns/op";FastUtil;Int;true;8192;false
"org.kblees.hashtable.AddBenchmark.put";"avgt";1;3;40,823511;5,608594;"ns/op";FastUtil;Int;true;9195;false
"org.kblees.hashtable.AddBenchmark.put";"avgt";1;3;39,369233;2,519766;"ns/op";FastUtil;Int;true;10321;false
"org.kblees.hashtable.AddBenchmark.put";"avgt";1;3;37,795620;0,712146;"ns/op";FastUtil;Int;true;11585;false
"org.kblees.hashtable.AddBenchmark.put";"avgt";1;3;50,712980;0,508735;"ns/op";FastUtil;Int;true;13004;false
"org.kblees.hashtable.AddBenchmark.put";"avgt";1;3;47,539394;2,493789;"ns/op";FastUtil;Int;true;14596;false
"org.kblees.hashtable.AddBenchmark.put";"avgt";1;3;45,686256;2,429752;"ns/op";FastUtil;Int;true;16384;false
"org.kblees.hashtable.AddBenchmark.put";"avgt";1;3;31,819192;6,810548;"ns/op";SwissTable;Int;true;1024;false
"org.kblees.hashtable.AddBenchmark.put";"avgt";1;3;30,997569;2,983761;"ns/op";SwissTable;Int;true;1149;false
"org.kblees.hashtable.AddBenchmark.put";"avgt";1;3;27,980984;0,702920;"ns/op";SwissTable;Int;true;1290;false
"org.kblees.hashtable.AddBenchmark.put";"avgt";1;3;26,587229;1,297779;"ns/op";SwissTable;Int;true;1448;false
"org.kblees.hashtable.AddBenchmark.put";"avgt";1;3;34,644982;0,889532;"ns/op";SwissTable;Int;true;1625;false
"org.kblees.hashtable.AddBenchmark.put";"avgt";1;3;33,188031;4,478079;"ns/op";SwissTable;Int;true;1825;false
"org.kblees.hashtable.AddBenchmark.put";"avgt";1;3;30,468030;0,276421;"ns/op";SwissTable;Int;true;2048;false
"org.kblees.hashtable.AddBenchmark.put";"avgt";1;3;28,949533;1,617708;"ns/op";SwissTable;Int;true;2299;false
"org.kblees.hashtable.AddBenchmark.put";"avgt";1;3;27,376911;0,865005;"ns/op";SwissTable;Int;true;2580;false
"org.kblees.hashtable.AddBenchmark.put";"avgt";1;3;26,013020;0,226110;"ns/op";SwissTable;Int;true;2896;false
"org.kblees.hashtable.AddBenchmark.put";"avgt";1;3;34,586051;0,793140;"ns/op";SwissTable;Int;true;3251;false
"org.kblees.hashtable.AddBenchmark.put";"avgt";1;3;32,631506;0,372137;"ns/op";SwissTable;Int;true;3649;false
"org.kblees.hashtable.AddBenchmark.put";"avgt";1;3;30,879181;0,409921;"ns/op";SwissTable;Int;true;4096;false
"org.kblees.hashtable.AddBenchmark.put";"avgt";1;3;28,635650;1,349704;"ns/op";SwissTable;Int;true;4598;false
"org.kblees.hashtable.AddBenchmark.put";"avgt";1;3;27,265657;2,081260;"ns/op";SwissTable;Int;true;5161;false
"org.kblees.hashtable.AddBenchmark.put";"avgt";1;3;26,080099;0,992119;"ns/op";SwissTable;Int;true;5793;false
"org.kblees.hashtable.AddBenchmark.put";"avgt";1;3;34,451731;2,268416;"ns/op";SwissTable;Int;true;6502;false
"org.kblees.hashtable.AddBenchmark.put";"avgt";1;3;32,673889;1,323570;"ns/op";SwissTable;Int;true;7298;false
"org.kblees.hashtable.AddBenchmark.put";"avgt";1;3;30,916302;1,014163;"ns/op";SwissTable;Int;true;8192;false
"org.kblees.hashtable.AddBenchmark.put";"avgt";1;3;29,602102;0,769327;"ns/op";SwissTable;Int;true;9195;false
"org.kblees.hashtable.AddBenchmark.put";"avgt";1;3;27,831180;0,753244;"ns/op";SwissTable;Int;true;10321;false
"org.kblees.hashtable.AddBenchmark.put";"avgt";1;3;26,737352;1,198018;"ns/op";SwissTable;Int;true;11585;false
"org.kblees.hashtable.AddBenchmark.put";"avgt";1;3;36,882178;1,362856;"ns/op";SwissTable;Int;true;13004;false
"org.kblees.hashtable.AddBenchmark.put";"avgt";1;3;34,686227;0,326977;"ns/op";SwissTable;Int;true;14596;false
"org.kblees.hashtable.AddBenchmark.put";"avgt";1;3;33,520523;0,704471;"ns/op";SwissTable;Int;true;16384;false
"org.kblees.hashtable.AddBenchmark.put";"avgt";1;3;49,731447;4,040290;"ns/op";ConcurrentV7;Int;true;1024;false
"org.kblees.hashtable.AddBenchmark.put";"avgt";1;3;49,310606;13,902263;"ns/op";ConcurrentV7;Int;true;1149;false
"org.kblees.hashtable.AddBenchmark.put";"avgt";1;3;52,014747;8,056936;"ns/op";ConcurrentV7;Int;true;1290;false
"org.kblees.hashtable.AddBenchmark.put";"avgt";1;3;49,271018;1,052097;"ns/op";ConcurrentV7;Int;true;1448;false
"org.kblees.hashtable.AddBenchmark.put";"avgt";1;3;51,524565;2,941976;"ns/op";ConcurrentV7;Int;true;1625;false
"org.kblees.hashtable.AddBenchmark.put";"avgt";1;3;54,229602;16,747637;"ns/op";ConcurrentV7;Int;true;1825;false
"org.kblees.hashtable.AddBenchmark.put";"avgt";1;3;53,321770;6,828939;"ns/op";ConcurrentV7;Int;true;2048;false
"org.kblees.hashtable.AddBenchmark.put";"avgt";1;3;52,066017;5,069275;"ns/op";ConcurrentV7;Int;true;2299;false
"org.kblees.hashtable.AddBenchmark.put";"avgt";1;3;54,100930;2,637032;"ns/op";ConcurrentV7;Int;true;2580;false
"org.kblees.hashtable.AddBenchmark.put";"avgt";1;3;52,769604;2,252887;"ns/op";ConcurrentV7;Int;true;2896;false
"org.kblees.hashtable.AddBenchmark.put";"avgt";1;3;58,680262;8,528124;"ns/op";ConcurrentV7;Int;true;3251;false
"org.kblees.hashtable.AddBenchmark.put";"avgt";1;3;57,411470;3,024797;"ns/op";ConcurrentV7;Int;true;3649;false
"org.kblees.hashtable.AddBenchmark.put";"avgt";1;3;59,111828;1,470525;"ns/op";ConcurrentV7;Int;true;4096;false
"org.kblees.hashtable.AddBenchmark.put";"avgt";1;3;53,936380;3,600925;"ns/op";ConcurrentV7;Int;true;4598;false
"org.kblees.hashtable.AddBenchmark.put";"avgt";1;3;56,587772;1,017224;"ns/op";ConcurrentV7;Int;true;5161;false
"org.kblees.hashtable.AddBenchmark.put";"avgt";1;3;55,283306;2,772740;"ns/op";ConcurrentV7;Int;true;5793;false
"org.kblees.hashtable.AddBenchmark.put";"avgt";1;3;65,457878;3,873727;"ns/op";ConcurrentV7;Int;true;6502;false
"org.kblees.hashtable.AddBenchmark.put";"avgt";1;3;60,909287;1,231186;"ns/op";ConcurrentV7;Int;true;7298;false
"org.kblees.hashtable.AddBenchmark.put";"avgt";1;3;64,257142;3,036771;"ns/op";ConcurrentV7;Int;true;8192;false
"org.kblees.hashtable.AddBenchmark.put";"avgt";1;3;63,641803;1,234494;"ns/op";ConcurrentV7;Int;true;9195;false
"org.kblees.hashtable.AddBenchmark.put";"avgt";1;3;56,386216;3,664248;"ns/op";ConcurrentV7;Int;true;10321;false
"org.kblees.hashtable.AddBenchmark.put";"avgt";1;3;59,390597;0,563027;"ns/op";ConcurrentV7;Int;true;11585;false
"org.kblees.hashtable.AddBenchmark.put";"avgt";1;3;65,240149;4,902658;"ns/op";ConcurrentV7;Int;true;13004;false
"org.kblees.hashtable.AddBenchmark.put";"avgt";1;3;64,090063;1,500550;"ns/op";ConcurrentV7;Int;true;14596;false
"org.kblees.hashtable.AddBenchmark.put";"avgt";1;3;61,527422;0,619792;"ns/op";ConcurrentV7;Int;true;16384;false
"org.kblees.hashtable.AddBenchmark.put";"avgt";1;3;103,040928;5,505305;"ns/op";NonBlocking;Int;true;1024;false
"org.kblees.hashtable.AddBenchmark.put";"avgt";1;3;117,359976;0,382733;"ns/op";NonBlocking;Int;true;1149;false
"org.kblees.hashtable.AddBenchmark.put";"avgt";1;3;116,238014;6,804069;"ns/op";NonBlocking;Int;true;1290;false
"org.kblees.hashtable.AddBenchmark.put";"avgt";1;3;105,676148;40,103565;"ns/op";NonBlocking;Int;true;1448;false
"org.kblees.hashtable.AddBenchmark.put";"avgt";1;3;101,491391;5,828658;"ns/op";NonBlocking;Int;true;1625;false
"org.kblees.hashtable.AddBenchmark.put";"avgt";1;3;165,355231;38,640825;"ns/op";NonBlocking;Int;true;1825;false
"org.kblees.hashtable.AddBenchmark.put";"avgt";1;3;134,523673;10,717329;"ns/op";NonBlocking;Int;true;2048;false
"org.kblees.hashtable.AddBenchmark.put";"avgt";1;3;138,381277;32,460662;"ns/op";NonBlocking;Int;true;2299;false
"org.kblees.hashtable.AddBenchmark.put";"avgt";1;3;129,483100;16,821188;"ns/op";NonBlocking;Int;true;2580;false
"org.kblees.hashtable.AddBenchmark.put";"avgt";1;3;126,763161;35,358187;"ns/op";NonBlocking;Int;true;2896;false
"org.kblees.hashtable.AddBenchmark.put";"avgt";1;3;106,759379;3,564057;"ns/op";NonBlocking;Int;true;3251;false
"org.kblees.hashtable.AddBenchmark.put";"avgt";1;3;174,364353;29,875796;"ns/op";NonBlocking;Int;true;3649;false
"org.kblees.hashtable.AddBenchmark.put";"avgt";1;3;152,391358;30,179339;"ns/op";NonBlocking;Int;true;4096;false
"org.kblees.hashtable.AddBenchmark.put";"avgt";1;3;143,602721;14,137979;"ns/op";NonBlocking;Int;true;4598;false
"org.kblees.hashtable.AddBenchmark.put";"avgt";1;3;136,326638;4,339373;"ns/op";NonBlocking;Int;true;5161;false
"org.kblees.hashtable.AddBenchmark.put";"avgt";1;3;196,411649;3,008706;"ns/op";NonBlocking;Int;true;5793;false
"org.kblees.hashtable.AddBenchmark.put";"avgt";1;3;183,801286;8,203643;"ns/op";NonBlocking;Int;true;6502;false
"org.kblees.hashtable.AddBenchmark.put";"avgt";1;3;157,388506;7,510989;"ns/op";NonBlocking;Int;true;7298;false
"org.kblees.hashtable.AddBenchmark.put";"avgt";1;3;158,138969;21,176747;"ns/op";NonBlocking;Int;true;8192;false
"org.kblees.hashtable.AddBenchmark.put";"avgt";1;3;143,867057;4,871613;"ns/op";NonBlocking;Int;true;9195;false
"org.kblees.hashtable.AddBenchmark.put";"avgt";1;3;216,394280;28,884097;"ns/op";NonBlocking;Int;true;10321;false
"org.kblees.hashtable.AddBenchmark.put";"avgt";1;3;123,344479;2,550386;"ns/op";NonBlocking;Int;true;11585;false
"org.kblees.hashtable.AddBenchmark.put";"avgt";1;3;183,784328;10,991700;"ns/op";NonBlocking;Int;true;13004;false
"org.kblees.hashtable.AddBenchmark.put";"avgt";1;3;166,830252;0,867609;"ns/op";NonBlocking;Int;true;14596;false
"org.kblees.hashtable.AddBenchmark.put";"avgt";1;3;158,231014;2,823319;"ns/op";NonBlocking;Int;true;16384;false
"org.kblees.hashtable.AddBenchmark.put";"avgt";1;3;59,209277;1,617759;"ns/op";Smoothie;Int;true;1024;false
"org.kblees.hashtable.AddBenchmark.put";"avgt";1;3;66,810763;2,617395;"ns/op";Smoothie;Int;true;1149;false
"org.kblees.hashtable.AddBenchmark.put";"avgt";1;3;55,531809;1,058570;"ns/op";Smoothie;Int;true;1290;false
"org.kblees.hashtable.AddBenchmark.put";"avgt";1;3;54,612103;4,785843;"ns/op";Smoothie;Int;true;1448;false
"org.kblees.hashtable.AddBenchmark.put";"avgt";1;3;73,543032;2,950707;"ns/op";Smoothie;Int;true;1625;false
"org.kblees.hashtable.AddBenchmark.put";"avgt";1;3;69,216552;4,807150;"ns/op";Smoothie;Int;true;1825;false
"org.kblees.hashtable.AddBenchmark.put";"avgt";1;3;64,525466;1,920896;"ns/op";Smoothie;Int;true;2048;false
"org.kblees.hashtable.AddBenchmark.put";"avgt";1;3;66,866671;0,814074;"ns/op";Smoothie;Int;true;2299;false
"org.kblees.hashtable.AddBenchmark.put";"avgt";1;3;65,138215;2,394735;"ns/op";Smoothie;Int;true;2580;false
"org.kblees.hashtable.AddBenchmark.put";"avgt";1;3;58,990412;2,216325;"ns/op";Smoothie;Int;true;2896;false
"org.kblees.hashtable.AddBenchmark.put";"avgt";1;3;70,156163;0,176927;"ns/op";Smoothie;Int;true;3251;false
"org.kblees.hashtable.AddBenchmark.put";"avgt";1;3;68,406889;4,526712;"ns/op";Smoothie;Int;true;3649;false
"org.kblees.hashtable.AddBenchmark.put";"avgt";1;3;68,088275;1,109081;"ns/op";Smoothie;Int;true;4096;false
"org.kblees.hashtable.AddBenchmark.put";"avgt";1;3;67,305586;2,560028;"ns/op";Smoothie;Int;true;4598;false
"org.kblees.hashtable.AddBenchmark.put";"avgt";1;3;73,528808;2,408597;"ns/op";Smoothie;Int;true;5161;false
"org.kblees.hashtable.AddBenchmark.put";"avgt";1;3;60,197510;0,630962;"ns/op";Smoothie;Int;true;5793;false
"org.kblees.hashtable.AddBenchmark.put";"avgt";1;3;77,352479;6,110427;"ns/op";Smoothie;Int;true;6502;false
"org.kblees.hashtable.AddBenchmark.put";"avgt";1;3;74,152165;2,584278;"ns/op";Smoothie;Int;true;7298;false
"org.kblees.hashtable.AddBenchmark.put";"avgt";1;3;68,419655;0,289441;"ns/op";Smoothie;Int;true;8192;false
"org.kblees.hashtable.AddBenchmark.put";"avgt";1;3;79,267241;1,382566;"ns/op";Smoothie;Int;true;9195;false
"org.kblees.hashtable.AddBenchmark.put";"avgt";1;3;66,502052;6,314649;"ns/op";Smoothie;Int;true;10321;false
"org.kblees.hashtable.AddBenchmark.put";"avgt";1;3;64,298587;1,693594;"ns/op";Smoothie;Int;true;11585;false
"org.kblees.hashtable.AddBenchmark.put";"avgt";1;3;95,770299;12,841209;"ns/op";Smoothie;Int;true;13004;false
"org.kblees.hashtable.AddBenchmark.put";"avgt";1;3;91,044549;4,500842;"ns/op";Smoothie;Int;true;14596;false
"org.kblees.hashtable.AddBenchmark.put";"avgt";1;3;85,783068;2,787476;"ns/op";Smoothie;Int;true;16384;false
"org.kblees.hashtable.AddBenchmark.put";"avgt";1;3;270,388833;31,761021;"ns/op";LockFree;Int;true;1024k;false
"org.kblees.hashtable.AddBenchmark.put";"avgt";1;3;266,068044;66,264347;"ns/op";LockFree;Int;true;1149k;false
"org.kblees.hashtable.AddBenchmark.put";"avgt";1;3;254,984742;35,290730;"ns/op";LockFree;Int;true;1290k;false
"org.kblees.hashtable.AddBenchmark.put";"avgt";1;3;239,203809;56,384658;"ns/op";LockFree;Int;true;1448k;false
"org.kblees.hashtable.AddBenchmark.put";"avgt";1;3;181,664711;19,901841;"ns/op";LockFree;Int;true;1625k;false
"org.kblees.hashtable.AddBenchmark.put";"avgt";1;3;176,900236;31,542425;"ns/op";LockFree;Int;true;1825k;false
"org.kblees.hashtable.AddBenchmark.put";"avgt";1;3;243,752022;82,109076;"ns/op";LockFree;Int;true;2048k;false
"org.kblees.hashtable.AddBenchmark.put";"avgt";1;3;238,371199;42,664362;"ns/op";LockFree;Int;true;2299k;false
"org.kblees.hashtable.AddBenchmark.put";"avgt";1;3;219,931645;155,033240;"ns/op";LockFree;Int;true;2580k;false
"org.kblees.hashtable.AddBenchmark.put";"avgt";1;3;206,167173;67,282306;"ns/op";LockFree;Int;true;2896k;false
"org.kblees.hashtable.AddBenchmark.put";"avgt";1;3;212,287508;46,001870;"ns/op";LockFree;Int;true;3251k;false
"org.kblees.hashtable.AddBenchmark.put";"avgt";1;3;205,928985;108,767334;"ns/op";LockFree;Int;true;3649k;false
"org.kblees.hashtable.AddBenchmark.put";"avgt";1;3;268,043486;76,683409;"ns/op";LockFree;Int;true;4096k;false
"org.kblees.hashtable.AddBenchmark.put";"avgt";1;3;271,264048;121,721765;"ns/op";LockFree;Int;true;4598k;false
"org.kblees.hashtable.AddBenchmark.put";"avgt";1;3;245,935085;93,924397;"ns/op";LockFree;Int;true;5161k;false
"org.kblees.hashtable.AddBenchmark.put";"avgt";1;3;235,065873;20,539383;"ns/op";LockFree;Int;true;5793k;false
"org.kblees.hashtable.AddBenchmark.put";"avgt";1;3;225,549230;115,121461;"ns/op";LockFree;Int;true;6502k;false
"org.kblees.hashtable.AddBenchmark.put";"avgt";1;3;215,166413;86,841548;"ns/op";LockFree;Int;true;7298k;false
"org.kblees.hashtable.AddBenchmark.put";"avgt";1;3;281,798173;76,612320;"ns/op";LockFree;Int;true;8192k;false
"org.kblees.hashtable.AddBenchmark.put";"avgt";1;3;277,460137;237,012044;"ns/op";LockFree;Int;true;9195k;false
"org.kblees.hashtable.AddBenchmark.put";"avgt";1;3;260,321619;221,695946;"ns/op";LockFree;Int;true;10321k;false
"org.kblees.hashtable.AddBenchmark.put";"avgt";1;3;275,921841;168,841206;"ns/op";LockFree;Int;true;11585k;false
"org.kblees.hashtable.AddBenchmark.put";"avgt";1;3;249,101145;239,428681;"ns/op";LockFree;Int;true;13004k;false
"org.kblees.hashtable.AddBenchmark.put";"avgt";1;3;264,140611;555,750656;"ns/op";LockFree;Int;true;14596k;false
"org.kblees.hashtable.AddBenchmark.put";"avgt";1;3;299,466926;123,946767;"ns/op";LockFree;Int;true;16384k;false
"org.kblees.hashtable.AddBenchmark.put";"avgt";1;3;255,924553;49,139774;"ns/op";Concurrent;Int;true;1024k;false
"org.kblees.hashtable.AddBenchmark.put";"avgt";1;3;249,979472;17,679571;"ns/op";Concurrent;Int;true;1149k;false
"org.kblees.hashtable.AddBenchmark.put";"avgt";1;3;223,815757;124,936385;"ns/op";Concurrent;Int;true;1290k;false
"org.kblees.hashtable.AddBenchmark.put";"avgt";1;3;205,893216;9,364470;"ns/op";Concurrent;Int;true;1448k;false
"org.kblees.hashtable.AddBenchmark.put";"avgt";1;3;282,763419;30,216631;"ns/op";Concurrent;Int;true;1625k;false
"org.kblees.hashtable.AddBenchmark.put";"avgt";1;3;266,028171;47,938954;"ns/op";Concurrent;Int;true;1825k;false
"org.kblees.hashtable.AddBenchmark.put";"avgt";1;3;254,942579;48,162493;"ns/op";Concurrent;Int;true;2048k;false
"org.kblees.hashtable.AddBenchmark.put";"avgt";1;3;251,861035;52,082821;"ns/op";Concurrent;Int;true;2299k;false
"org.kblees.hashtable.AddBenchmark.put";"avgt";1;3;239,036063;18,103974;"ns/op";Concurrent;Int;true;2580k;false
"org.kblees.hashtable.AddBenchmark.put";"avgt";1;3;234,684822;52,149753;"ns/op";Concurrent;Int;true;2896k;false
"org.kblees.hashtable.AddBenchmark.put";"avgt";1;3;314,569449;35,670944;"ns/op";Concurrent;Int;true;3251k;false
"org.kblees.hashtable.AddBenchmark.put";"avgt";1;3;297,207931;100,486440;"ns/op";Concurrent;Int;true;3649k;false
"org.kblees.hashtable.AddBenchmark.put";"avgt";1;3;281,392965;110,402638;"ns/op";Concurrent;Int;true;4096k;false
"org.kblees.hashtable.AddBenchmark.put";"avgt";1;3;276,541273;44,883079;"ns/op";Concurrent;Int;true;4598k;false
"org.kblees.hashtable.AddBenchmark.put";"avgt";1;3;256,414943;182,072133;"ns/op";Concurrent;Int;true;5161k;false
"org.kblees.hashtable.AddBenchmark.put";"avgt";1;3;256,848246;244,148592;"ns/op";Concurrent;Int;true;5793k;false
"org.kblees.hashtable.AddBenchmark.put";"avgt";1;3;320,445126;233,594204;"ns/op";Concurrent;Int;true;6502k;false
"org.kblees.hashtable.AddBenchmark.put";"avgt";1;3;313,026637;388,914324;"ns/op";Concurrent;Int;true;7298k;false
"org.kblees.hashtable.AddBenchmark.put";"avgt";1;3;291,986485;105,048599;"ns/op";Concurrent;Int;true;8192k;false
"org.kblees.hashtable.AddBenchmark.put";"avgt";1;3;283,634743;216,669793;"ns/op";Concurrent;Int;true;9195k;false
"org.kblees.hashtable.AddBenchmark.put";"avgt";1;3;282,272846;226,780970;"ns/op";Concurrent;Int;true;10321k;false
"org.kblees.hashtable.AddBenchmark.put";"avgt";1;3;274,184913;53,269635;"ns/op";Concurrent;Int;true;11585k;false
"org.kblees.hashtable.AddBenchmark.put";"avgt";1;3;332,770190;358,898368;"ns/op";Concurrent;Int;true;13004k;false
"org.kblees.hashtable.AddBenchmark.put";"avgt";1;3;320,782133;155,664014;"ns/op";Concurrent;Int;true;14596k;false
"org.kblees.hashtable.AddBenchmark.put";"avgt";1;3;301,329283;171,323229;"ns/op";Concurrent;Int;true;16384k;false
"org.kblees.hashtable.AddBenchmark.put";"avgt";1;3;190,662652;3,966868;"ns/op";ConcurrentV7;Int;true;1024k;false
"org.kblees.hashtable.AddBenchmark.put";"avgt";1;3;179,391546;27,565115;"ns/op";ConcurrentV7;Int;true;1149k;false
"org.kblees.hashtable.AddBenchmark.put";"avgt";1;3;175,185904;85,268479;"ns/op";ConcurrentV7;Int;true;1290k;false
"org.kblees.hashtable.AddBenchmark.put";"avgt";1;3;171,407631;37,204931;"ns/op";ConcurrentV7;Int;true;1448k;false
"org.kblees.hashtable.AddBenchmark.put";"avgt";1;3;236,625177;121,871548;"ns/op";ConcurrentV7;Int;true;1625k;false
"org.kblees.hashtable.AddBenchmark.put";"avgt";1;3;227,722770;88,581115;"ns/op";ConcurrentV7;Int;true;1825k;false
"org.kblees.hashtable.AddBenchmark.put";"avgt";1;3;222,291275;103,367052;"ns/op";ConcurrentV7;Int;true;2048k;false
"org.kblees.hashtable.AddBenchmark.put";"avgt";1;3;217,471539;27,476559;"ns/op";ConcurrentV7;Int;true;2299k;false
"org.kblees.hashtable.AddBenchmark.put";"avgt";1;3;211,074448;43,572608;"ns/op";ConcurrentV7;Int;true;2580k;false
"org.kblees.hashtable.AddBenchmark.put";"avgt";1;3;211,777168;39,630551;"ns/op";ConcurrentV7;Int;true;2896k;false
"org.kblees.hashtable.AddBenchmark.put";"avgt";1;3;274,762701;236,289032;"ns/op";ConcurrentV7;Int;true;3251k;false
"org.kblees.hashtable.AddBenchmark.put";"avgt";1;3;264,846822;106,066713;"ns/op";ConcurrentV7;Int;true;3649k;false
"org.kblees.hashtable.AddBenchmark.put";"avgt";1;3;251,684769;27,015403;"ns/op";ConcurrentV7;Int;true;4096k;false
"org.kblees.hashtable.AddBenchmark.put";"avgt";1;3;246,999755;108,811321;"ns/op";ConcurrentV7;Int;true;4598k;false
"org.kblees.hashtable.AddBenchmark.put";"avgt";1;3;241,341876;203,317389;"ns/op";ConcurrentV7;Int;true;5161k;false
"org.kblees.hashtable.AddBenchmark.put";"avgt";1;3;237,892348;90,690119;"ns/op";ConcurrentV7;Int;true;5793k;false
"org.kblees.hashtable.AddBenchmark.put";"avgt";1;3;284,068040;91,161600;"ns/op";ConcurrentV7;Int;true;6502k;false
"org.kblees.hashtable.AddBenchmark.put";"avgt";1;3;276,348183;170,407459;"ns/op";ConcurrentV7;Int;true;7298k;false
"org.kblees.hashtable.AddBenchmark.put";"avgt";1;3;266,617396;96,790354;"ns/op";ConcurrentV7;Int;true;8192k;false
"org.kblees.hashtable.AddBenchmark.put";"avgt";1;3;258,446152;242,745478;"ns/op";ConcurrentV7;Int;true;9195k;false
"org.kblees.hashtable.AddBenchmark.put";"avgt";1;3;245,555874;215,838110;"ns/op";ConcurrentV7;Int;true;10321k;false
"org.kblees.hashtable.AddBenchmark.put";"avgt";1;3;247,667497;158,643842;"ns/op";ConcurrentV7;Int;true;11585k;false
"org.kblees.hashtable.AddBenchmark.put";"avgt";1;3;295,323269;339,262355;"ns/op";ConcurrentV7;Int;true;13004k;false
"org.kblees.hashtable.AddBenchmark.put";"avgt";1;3;278,971707;522,355795;"ns/op";ConcurrentV7;Int;true;14596k;false
"org.kblees.hashtable.AddBenchmark.put";"avgt";1;3;265,741754;181,520231;"ns/op";ConcurrentV7;Int;true;16384k;false
"org.kblees.hashtable.AddBenchmark.put";"avgt";1;3;328,389787;69,322669;"ns/op";NonBlocking;Int;true;1024k;false
"org.kblees.hashtable.AddBenchmark.put";"avgt";1;3;504,034631;67,625242;"ns/op";NonBlocking;Int;true;1149k;false
"org.kblees.hashtable.AddBenchmark.put";"avgt";1;3;465,279119;25,730979;"ns/op";NonBlocking;Int;true;1290k;false
"org.kblees.hashtable.AddBenchmark.put";"avgt";1;3;435,709364;59,215163;"ns/op";NonBlocking;Int;true;1448k;false
"org.kblees.hashtable.AddBenchmark.put";"avgt";1;3;418,078881;135,141392;"ns/op";NonBlocking;Int;true;1625k;false
"org.kblees.hashtable.AddBenchmark.put";"avgt";1;3;389,472075;44,966327;"ns/op";NonBlocking;Int;true;1825k;false
"org.kblees.hashtable.AddBenchmark.put";"avgt";1;3;365,457957;48,796959;"ns/op";NonBlocking;Int;true;2048k;false
"org.kblees.hashtable.AddBenchmark.put";"avgt";1;3;562,488584;164,236837;"ns/op";NonBlocking;Int;true;2299k;false
"org.kblees.hashtable.AddBenchmark.put";"avgt";1;3;516,380067;77,752906;"ns/op";NonBlocking;Int;true;2580k;false
"org.kblees.hashtable.AddBenchmark.put";"avgt";1;3;470,948982;64,713747;"ns/op";NonBlocking;Int;true;2896k;false
"org.kblees.hashtable.AddBenchmark.put";"avgt";1;3;442,672230;127,762035;"ns/op";NonBlocking;Int;true;3251k;false
"org.kblees.hashtable.AddBenchmark.put";"avgt";1;3;410,402302;47,924432;"ns/op";NonBlocking;Int;true;3649k;false
"org.kblees.hashtable.AddBenchmark.put";"avgt";1;3;385,886754;203,230842;"ns/op";NonBlocking;Int;true;4096k;false
"org.kblees.hashtable.AddBenchmark.put";"avgt";1;3;579,873662;316,006594;"ns/op";NonBlocking;Int;true;4598k;false
"org.kblees.hashtable.AddBenchmark.put";"avgt";1;3;538,087652;150,341508;"ns/op";NonBlocking;Int;true;5161k;false
"org.kblees.hashtable.AddBenchmark.put";"avgt";1;3;476,322544;415,690785;"ns/op";NonBlocking;Int;true;5793k;false
"org.kblees.hashtable.AddBenchmark.put";"avgt";1;3;452,921077;138,008477;"ns/op";NonBlocking;Int;true;6502k;false
"org.kblees.hashtable.AddBenchmark.put";"avgt";1;3;425,274010;190,380293;"ns/op";NonBlocking;Int;true;7298k;false
"org.kblees.hashtable.AddBenchmark.put";"avgt";1;3;397,816166;1,392652;"ns/op";NonBlocking;Int;true;8192k;false
"org.kblees.hashtable.AddBenchmark.put";"avgt";1;3;587,218424;819,406887;"ns/op";NonBlocking;Int;true;9195k;false
"org.kblees.hashtable.AddBenchmark.put";"avgt";1;3;560,044069;127,605784;"ns/op";NonBlocking;Int;true;10321k;false
"org.kblees.hashtable.AddBenchmark.put";"avgt";1;3;477,110769;708,338470;"ns/op";NonBlocking;Int;true;11585k;false
"org.kblees.hashtable.AddBenchmark.put";"avgt";1;3;451,522461;338,618383;"ns/op";NonBlocking;Int;true;13004k;false
"org.kblees.hashtable.AddBenchmark.put";"avgt";1;3;437,486160;1166,768571;"ns/op";NonBlocking;Int;true;14596k;false
"org.kblees.hashtable.AddBenchmark.put";"avgt";1;3;397,141229;431,097931;"ns/op";NonBlocking;Int;true;16384k;false
"org.kblees.hashtable.AddBenchmark.put";"avgt";1;3;166,150616;9,450953;"ns/op";Koloboke;Int;true;1024k;false
"org.kblees.hashtable.AddBenchmark.put";"avgt";1;3;187,774488;26,894789;"ns/op";Koloboke;Int;true;1149k;false
"org.kblees.hashtable.AddBenchmark.put";"avgt";1;3;176,696469;1,973502;"ns/op";Koloboke;Int;true;1290k;false
"org.kblees.hashtable.AddBenchmark.put";"avgt";1;3;224,728517;13,063355;"ns/op";Koloboke;Int;true;1448k;false
"org.kblees.hashtable.AddBenchmark.put";"avgt";1;3;206,836542;58,993517;"ns/op";Koloboke;Int;true;1625k;false
"org.kblees.hashtable.AddBenchmark.put";"avgt";1;3;200,261519;60,600422;"ns/op";Koloboke;Int;true;1825k;false
"org.kblees.hashtable.AddBenchmark.put";"avgt";1;3;194,290317;64,955800;"ns/op";Koloboke;Int;true;2048k;false
"org.kblees.hashtable.AddBenchmark.put";"avgt";1;3;188,368387;47,871375;"ns/op";Koloboke;Int;true;2299k;false
"org.kblees.hashtable.AddBenchmark.put";"avgt";1;3;177,522042;48,987200;"ns/op";Koloboke;Int;true;2580k;false
"org.kblees.hashtable.AddBenchmark.put";"avgt";1;3;262,626618;42,608979;"ns/op";Koloboke;Int;true;2896k;false
"org.kblees.hashtable.AddBenchmark.put";"avgt";1;3;269,093827;105,137260;"ns/op";Koloboke;Int;true;3251k;false
"org.kblees.hashtable.AddBenchmark.put";"avgt";1;3;249,199720;20,063400;"ns/op";Koloboke;Int;true;3649k;false
"org.kblees.hashtable.AddBenchmark.put";"avgt";1;3;227,879550;86,128179;"ns/op";Koloboke;Int;true;4096k;false
"org.kblees.hashtable.AddBenchmark.put";"avgt";1;3;225,280312;129,769884;"ns/op";Koloboke;Int;true;4598k;false
"org.kblees.hashtable.AddBenchmark.put";"avgt";1;3;217,916082;25,765688;"ns/op";Koloboke;Int;true;5161k;false
"org.kblees.hashtable.AddBenchmark.put";"avgt";1;3;309,199905;340,070880;"ns/op";Koloboke;Int;true;5793k;false
"org.kblees.hashtable.AddBenchmark.put";"avgt";1;3;291,292317;343,824075;"ns/op";Koloboke;Int;true;6502k;false
"org.kblees.hashtable.AddBenchmark.put";"avgt";1;3;261,714076;35,657003;"ns/op";Koloboke;Int;true;7298k;false
"org.kblees.hashtable.AddBenchmark.put";"avgt";1;3;251,846223;230,100422;"ns/op";Koloboke;Int;true;8192k;false
"org.kblees.hashtable.AddBenchmark.put";"avgt";1;3;233,923700;241,400127;"ns/op";Koloboke;Int;true;9195k;false
"org.kblees.hashtable.AddBenchmark.put";"avgt";1;3;222,400005;263,273625;"ns/op";Koloboke;Int;true;10321k;false
"org.kblees.hashtable.AddBenchmark.put";"avgt";1;3;336,398156;512,684194;"ns/op";Koloboke;Int;true;11585k;false
"org.kblees.hashtable.AddBenchmark.put";"avgt";1;3;306,958673;204,083535;"ns/op";Koloboke;Int;true;13004k;false
"org.kblees.hashtable.AddBenchmark.put";"avgt";1;3;297,287275;551,222718;"ns/op";Koloboke;Int;true;14596k;false
"org.kblees.hashtable.AddBenchmark.put";"avgt";1;3;262,687041;273,757336;"ns/op";Koloboke;Int;true;16384k;false
"org.kblees.hashtable.AddBenchmark.put";"avgt";1;3;177,162578;7,820477;"ns/op";FastUtil;Int;true;1024k;false
"org.kblees.hashtable.AddBenchmark.put";"avgt";1;3;175,081071;5,973033;"ns/op";FastUtil;Int;true;1149k;false
"org.kblees.hashtable.AddBenchmark.put";"avgt";1;3;169,516860;8,020983;"ns/op";FastUtil;Int;true;1290k;false
"org.kblees.hashtable.AddBenchmark.put";"avgt";1;3;174,510125;20,111992;"ns/op";FastUtil;Int;true;1448k;false
"org.kblees.hashtable.AddBenchmark.put";"avgt";1;3;201,089906;9,115451;"ns/op";FastUtil;Int;true;1625k;false
"org.kblees.hashtable.AddBenchmark.put";"avgt";1;3;206,800302;1,839609;"ns/op";FastUtil;Int;true;1825k;false
"org.kblees.hashtable.AddBenchmark.put";"avgt";1;3;200,980771;67,428684;"ns/op";FastUtil;Int;true;2048k;false
"org.kblees.hashtable.AddBenchmark.put";"avgt";1;3;197,718662;30,246713;"ns/op";FastUtil;Int;true;2299k;false
"org.kblees.hashtable.AddBenchmark.put";"avgt";1;3;189,635385;5,131547;"ns/op";FastUtil;Int;true;2580k;false
"org.kblees.hashtable.AddBenchmark.put";"avgt";1;3;179,538863;9,584327;"ns/op";FastUtil;Int;true;2896k;false
"org.kblees.hashtable.AddBenchmark.put";"avgt";1;3;266,767562;63,493612;"ns/op";FastUtil;Int;true;3251k;false
"org.kblees.hashtable.AddBenchmark.put";"avgt";1;3;297,666635;17,648329;"ns/op";FastUtil;Int;true;3649k;false
"org.kblees.hashtable.AddBenchmark.put";"avgt";1;3;234,818113;102,165486;"ns/op";FastUtil;Int;true;4096k;false
"org.kblees.hashtable.AddBenchmark.put";"avgt";1;3;237,499666;0,921357;"ns/op";FastUtil;Int;true;4598k;false
"org.kblees.hashtable.AddBenchmark.put";"avgt";1;3;213,148844;56,041176;"ns/op";FastUtil;Int;true;5161k;false
"org.kblees.hashtable.AddBenchmark.put";"avgt";1;3;212,750542;32,715859;"ns/op";FastUtil;Int;true;5793k;false
"org.kblees.hashtable.AddBenchmark.put";"avgt";1;3;296,445807;152,493453;"ns/op";FastUtil;Int;true;6502k;false
"org.kblees.hashtable.AddBenchmark.put";"avgt";1;3;274,970437;86,423191;"ns/op";FastUtil;Int;true;7298k;false
"org.kblees.hashtable.AddBenchmark.put";"avgt";1;3;276,034334;233,673674;"ns/op";FastUtil;Int;true;8192k;false
"org.kblees.hashtable.AddBenchmark.put";"avgt";1;3;257,789025;265,171582;"ns/op";FastUtil;Int;true;9195k;false
"org.kblees.hashtable.AddBenchmark.put";"avgt";1;3;244,968743;268,322694;"ns/op";FastUtil;Int;true;10321k;false
"org.kblees.hashtable.AddBenchmark.put";"avgt";1;3;247,778609;542,155539;"ns/op";FastUtil;Int;true;11585k;false
"org.kblees.hashtable.AddBenchmark.put";"avgt";1;3;367,078855;157,946223;"ns/op";FastUtil;Int;true;13004k;false
"org.kblees.hashtable.AddBenchmark.put";"avgt";1;3;356,872489;44,337594;"ns/op";FastUtil;Int;true;14596k;false
"org.kblees.hashtable.AddBenchmark.put";"avgt";1;3;310,642348;180,957912;"ns/op";FastUtil;Int;true;16384k;false
"org.kblees.hashtable.AddBenchmark.put";"avgt";1;3;226,807499;40,884656;"ns/op";Smoothie;Int;true;1024k;false
"org.kblees.hashtable.AddBenchmark.put";"avgt";1;3;218,912857;28,549291;"ns/op";Smoothie;Int;true;1149k;false
"org.kblees.hashtable.AddBenchmark.put";"avgt";1;3;186,820397;22,068478;"ns/op";Smoothie;Int;true;1290k;false
"org.kblees.hashtable.AddBenchmark.put";"avgt";1;3;188,712757;25,963212;"ns/op";Smoothie;Int;true;1448k;false
"org.kblees.hashtable.AddBenchmark.put";"avgt";1;3;232,813127;15,917302;"ns/op";Smoothie;Int;true;1625k;false
"org.kblees.hashtable.AddBenchmark.put";"avgt";1;3;243,702075;6,751101;"ns/op";Smoothie;Int;true;1825k;false
"org.kblees.hashtable.AddBenchmark.put";"avgt";1;3;238,249033;9,348879;"ns/op";Smoothie;Int;true;2048k;false
"org.kblees.hashtable.AddBenchmark.put";"avgt";1;3;236,963155;8,499917;"ns/op";Smoothie;Int;true;2299k;false
"org.kblees.hashtable.AddBenchmark.put";"avgt";1;3;218,954861;32,330941;"ns/op";Smoothie;Int;true;2580k;false
"org.kblees.hashtable.AddBenchmark.put";"avgt";1;3;225,586292;17,026186;"ns/op";Smoothie;Int;true;2896k;false
"org.kblees.hashtable.AddBenchmark.put";"avgt";1;3;273,593246;3,532452;"ns/op";Smoothie;Int;true;3251k;false
"org.kblees.hashtable.AddBenchmark.put";"avgt";1;3;281,637154;18,777811;"ns/op";Smoothie;Int;true;3649k;false
"org.kblees.hashtable.AddBenchmark.put";"avgt";1;3;274,328505;43,046576;"ns/op";Smoothie;Int;true;4096k;false
"org.kblees.hashtable.AddBenchmark.put";"avgt";1;3;283,150087;33,557092;"ns/op";Smoothie;Int;true;4598k;false
"org.kblees.hashtable.AddBenchmark.put";"avgt";1;3;255,412317;112,971301;"ns/op";Smoothie;Int;true;5161k;false
"org.kblees.hashtable.AddBenchmark.put";"avgt";1;3;254,557223;86,081771;"ns/op";Smoothie;Int;true;5793k;false
"org.kblees.hashtable.AddBenchmark.put";"avgt";1;3;340,228382;156,049617;"ns/op";Smoothie;Int;true;6502k;false
"org.kblees.hashtable.AddBenchmark.put";"avgt";1;3;311,254921;224,438673;"ns/op";Smoothie;Int;true;7298k;false
"org.kblees.hashtable.AddBenchmark.put";"avgt";1;3;303,050524;101,208706;"ns/op";Smoothie;Int;true;8192k;false
"org.kblees.hashtable.AddBenchmark.put";"avgt";1;3;306,978798;117,339354;"ns/op";Smoothie;Int;true;9195k;false
"org.kblees.hashtable.AddBenchmark.put";"avgt";1;3;276,468998;168,584596;"ns/op";Smoothie;Int;true;10321k;false
"org.kblees.hashtable.AddBenchmark.put";"avgt";1;3;269,196461;51,630231;"ns/op";Smoothie;Int;true;11585k;false
"org.kblees.hashtable.AddBenchmark.put";"avgt";1;3;373,810157;67,482581;"ns/op";Smoothie;Int;true;13004k;false
"org.kblees.hashtable.AddBenchmark.put";"avgt";1;3;339,076012;19,428567;"ns/op";Smoothie;Int;true;14596k;false
"org.kblees.hashtable.AddBenchmark.put";"avgt";1;3;315,635338;70,190625;"ns/op";Smoothie;Int;true;16384k;false
"org.kblees.hashtable.AddBenchmark.put";"avgt";1;3;129,726813;11,804628;"ns/op";SwissTable;Int;true;1024k;false
"org.kblees.hashtable.AddBenchmark.put";"avgt";1;3;130,429497;12,633282;"ns/op";SwissTable;Int;true;1149k;false
"org.kblees.hashtable.AddBenchmark.put";"avgt";1;3;136,166385;11,783503;"ns/op";SwissTable;Int;true;1290k;false
"org.kblees.hashtable.AddBenchmark.put";"avgt";1;3;131,764069;14,226189;"ns/op";SwissTable;Int;true;1448k;false
"org.kblees.hashtable.AddBenchmark.put";"avgt";1;3;164,720498;25,891980;"ns/op";SwissTable;Int;true;1625k;false
"org.kblees.hashtable.AddBenchmark.put";"avgt";1;3;155,015952;38,775890;"ns/op";SwissTable;Int;true;1825k;false
"org.kblees.hashtable.AddBenchmark.put";"avgt";1;3;151,924419;49,651587;"ns/op";SwissTable;Int;true;2048k;false
"org.kblees.hashtable.AddBenchmark.put";"avgt";1;3;143,042617;22,945652;"ns/op";SwissTable;Int;true;2299k;false
"org.kblees.hashtable.AddBenchmark.put";"avgt";1;3;130,556512;38,725200;"ns/op";SwissTable;Int;true;2580k;false
"org.kblees.hashtable.AddBenchmark.put";"avgt";1;3;125,394887;27,919369;"ns/op";SwissTable;Int;true;2896k;false
"org.kblees.hashtable.AddBenchmark.put";"avgt";1;3;215,878737;46,184755;"ns/op";SwissTable;Int;true;3251k;false
"org.kblees.hashtable.AddBenchmark.put";"avgt";1;3;211,343012;47,697544;"ns/op";SwissTable;Int;true;3649k;false
"org.kblees.hashtable.AddBenchmark.put";"avgt";1;3;197,706694;111,250257;"ns/op";SwissTable;Int;true;4096k;false
"org.kblees.hashtable.AddBenchmark.put";"avgt";1;3;196,589008;23,166193;"ns/op";SwissTable;Int;true;4598k;false
"org.kblees.hashtable.AddBenchmark.put";"avgt";1;3;172,384308;16,206934;"ns/op";SwissTable;Int;true;5161k;false
"org.kblees.hashtable.AddBenchmark.put";"avgt";1;3;176,668332;73,535287;"ns/op";SwissTable;Int;true;5793k;false
"org.kblees.hashtable.AddBenchmark.put";"avgt";1;3;260,839931;42,354803;"ns/op";SwissTable;Int;true;6502k;false
"org.kblees.hashtable.AddBenchmark.put";"avgt";1;3;241,028159;248,281029;"ns/op";SwissTable;Int;true;7298k;false
"org.kblees.hashtable.AddBenchmark.put";"avgt";1;3;230,778935;104,346731;"ns/op";SwissTable;Int;true;8192k;false
"org.kblees.hashtable.AddBenchmark.put";"avgt";1;3;223,252144;130,304110;"ns/op";SwissTable;Int;true;9195k;false
"org.kblees.hashtable.AddBenchmark.put";"avgt";1;3;213,214346;196,401762;"ns/op";SwissTable;Int;true;10321k;false
"org.kblees.hashtable.AddBenchmark.put";"avgt";1;3;203,145376;14,475117;"ns/op";SwissTable;Int;true;11585k;false
"org.kblees.hashtable.AddBenchmark.put";"avgt";1;3;302,929727;269,840784;"ns/op";SwissTable;Int;true;13004k;false
"org.kblees.hashtable.AddBenchmark.put";"avgt";1;3;276,026331;241,175865;"ns/op";SwissTable;Int;true;14596k;false
"org.kblees.hashtable.AddBenchmark.put";"avgt";1;3;272,854190;334,206228;"ns/op";SwissTable;Int;true;16384k;false
