Benchmark;Mode;Threads;Samples;Score;Score Error (99,9%);Unit;HashTable;Key;RandomKeys;Size;UseCapacity
org.kblees.hashtable.AddBenchmark.put;avgt;1;3;173,954092;133,532863;ns/op;LockFree;SlowHashInt;true;1024;false
org.kblees.hashtable.AddBenchmark.put;avgt;1;3;160,230778;116,938439;ns/op;LockFree;SlowHashInt;true;1149;false
org.kblees.hashtable.AddBenchmark.put;avgt;1;3;149,943539;110,581607;ns/op;LockFree;SlowHashInt;true;1290;false
org.kblees.hashtable.AddBenchmark.put;avgt;1;3;146,221355;102,096253;ns/op;LockFree;SlowHashInt;true;1448;false
org.kblees.hashtable.AddBenchmark.put;avgt;1;3;139,12904;68,23721;ns/op;LockFree;SlowHashInt;true;1625;false
org.kblees.hashtable.AddBenchmark.put;avgt;1;3;132,95447;96,127678;ns/op;LockFree;SlowHashInt;true;1825;false
org.kblees.hashtable.AddBenchmark.put;avgt;1;3;174,156059;135,588954;ns/op;LockFree;SlowHashInt;true;2048;false
org.kblees.hashtable.AddBenchmark.put;avgt;1;3;158,652641;86,747765;ns/op;LockFree;SlowHashInt;true;2299;false
org.kblees.hashtable.AddBenchmark.put;avgt;1;3;149,105562;114,701956;ns/op;LockFree;SlowHashInt;true;2580;false
org.kblees.hashtable.AddBenchmark.put;avgt;1;3;137,519994;82,015175;ns/op;LockFree;SlowHashInt;true;2896;false
org.kblees.hashtable.AddBenchmark.put;avgt;1;3;131,01242;73,795573;ns/op;LockFree;SlowHashInt;true;3251;false
org.kblees.hashtable.AddBenchmark.put;avgt;1;3;122,435531;66,419153;ns/op;LockFree;SlowHashInt;true;3649;false
org.kblees.hashtable.AddBenchmark.put;avgt;1;3;153,635907;100,07906;ns/op;LockFree;SlowHashInt;true;4096;false
org.kblees.hashtable.AddBenchmark.put;avgt;1;3;143,418903;102,360795;ns/op;LockFree;SlowHashInt;true;4598;false
org.kblees.hashtable.AddBenchmark.put;avgt;1;3;134,731894;90,091649;ns/op;LockFree;SlowHashInt;true;5161;false
org.kblees.hashtable.AddBenchmark.put;avgt;1;3;130,778469;75,159198;ns/op;LockFree;SlowHashInt;true;5793;false
org.kblees.hashtable.AddBenchmark.put;avgt;1;3;126,491288;66,944348;ns/op;LockFree;SlowHashInt;true;6502;false
org.kblees.hashtable.AddBenchmark.put;avgt;1;3;120,754844;69,399981;ns/op;LockFree;SlowHashInt;true;7298;false
org.kblees.hashtable.AddBenchmark.put;avgt;1;3;155,745044;105,710915;ns/op;LockFree;SlowHashInt;true;8192;false
org.kblees.hashtable.AddBenchmark.put;avgt;1;3;143,857323;88,477872;ns/op;LockFree;SlowHashInt;true;9195;false
org.kblees.hashtable.AddBenchmark.put;avgt;1;3;134,090365;86,509737;ns/op;LockFree;SlowHashInt;true;10321;false
org.kblees.hashtable.AddBenchmark.put;avgt;1;3;130,671795;75,526257;ns/op;LockFree;SlowHashInt;true;11585;false
org.kblees.hashtable.AddBenchmark.put;avgt;1;3;124,725081;67,19408;ns/op;LockFree;SlowHashInt;true;13004;false
org.kblees.hashtable.AddBenchmark.put;avgt;1;3;117,836296;62,256448;ns/op;LockFree;SlowHashInt;true;14596;false
org.kblees.hashtable.AddBenchmark.put;avgt;1;3;154,750273;105,454037;ns/op;LockFree;SlowHashInt;true;16384;false
org.kblees.hashtable.AddBenchmark.put;avgt;1;3;229,40466;81,473312;ns/op;LockFree;SlowHashInt;true;1024000;false
org.kblees.hashtable.AddBenchmark.put;avgt;1;3;222,604203;80,869175;ns/op;LockFree;SlowHashInt;true;1149000;false
org.kblees.hashtable.AddBenchmark.put;avgt;1;3;220,652387;56,477597;ns/op;LockFree;SlowHashInt;true;1290000;false
org.kblees.hashtable.AddBenchmark.put;avgt;1;3;211,330652;64,042573;ns/op;LockFree;SlowHashInt;true;1448000;false
org.kblees.hashtable.AddBenchmark.put;avgt;1;3;210,570296;74,878559;ns/op;LockFree;SlowHashInt;true;1625000;false
org.kblees.hashtable.AddBenchmark.put;avgt;1;3;206,196615;51,44457;ns/op;LockFree;SlowHashInt;true;1825000;false
org.kblees.hashtable.AddBenchmark.put;avgt;1;3;257,988864;94,00361;ns/op;LockFree;SlowHashInt;true;2048000;false
org.kblees.hashtable.AddBenchmark.put;avgt;1;3;248,253547;101,595386;ns/op;LockFree;SlowHashInt;true;2299000;false
org.kblees.hashtable.AddBenchmark.put;avgt;1;3;241,478628;41,130694;ns/op;LockFree;SlowHashInt;true;2580000;false
org.kblees.hashtable.AddBenchmark.put;avgt;1;3;233,306208;72,334916;ns/op;LockFree;SlowHashInt;true;2896000;false
org.kblees.hashtable.AddBenchmark.put;avgt;1;3;228,419216;71,066583;ns/op;LockFree;SlowHashInt;true;3251000;false
org.kblees.hashtable.AddBenchmark.put;avgt;1;3;224,071411;18,721228;ns/op;LockFree;SlowHashInt;true;3649000;false
org.kblees.hashtable.AddBenchmark.put;avgt;1;3;274,221442;122,463789;ns/op;LockFree;SlowHashInt;true;4096000;false
org.kblees.hashtable.AddBenchmark.put;avgt;1;3;263,899024;118,021205;ns/op;LockFree;SlowHashInt;true;4598000;false
org.kblees.hashtable.AddBenchmark.put;avgt;1;3;258,844929;59,91624;ns/op;LockFree;SlowHashInt;true;5161000;false
org.kblees.hashtable.AddBenchmark.put;avgt;1;3;253,821326;80,778658;ns/op;LockFree;SlowHashInt;true;5793000;false
org.kblees.hashtable.AddBenchmark.put;avgt;1;3;243,491401;67,422325;ns/op;LockFree;SlowHashInt;true;6502000;false
org.kblees.hashtable.AddBenchmark.put;avgt;1;3;238,188524;41,625268;ns/op;LockFree;SlowHashInt;true;7298000;false
org.kblees.hashtable.AddBenchmark.put;avgt;1;3;281,174147;151,680379;ns/op;LockFree;SlowHashInt;true;8192000;false
org.kblees.hashtable.AddBenchmark.put;avgt;1;3;276,299526;185,338451;ns/op;LockFree;SlowHashInt;true;9195000;false
org.kblees.hashtable.AddBenchmark.put;avgt;1;3;265,952624;223,083799;ns/op;LockFree;SlowHashInt;true;10321000;false
org.kblees.hashtable.AddBenchmark.put;avgt;1;3;264,749392;73,889203;ns/op;LockFree;SlowHashInt;true;11585000;false
org.kblees.hashtable.AddBenchmark.put;avgt;1;3;252,961855;58,129954;ns/op;LockFree;SlowHashInt;true;13004000;false
org.kblees.hashtable.AddBenchmark.put;avgt;1;3;252,280682;108,287894;ns/op;LockFree;SlowHashInt;true;14596000;false
org.kblees.hashtable.AddBenchmark.put;avgt;1;3;291,793655;130,619901;ns/op;LockFree;SlowHashInt;true;16384000;false
org.kblees.hashtable.AddBenchmark.put;avgt;1;3;103,187075;98,580972;ns/op;Concurrent;SlowHashInt;true;1024;false
org.kblees.hashtable.AddBenchmark.put;avgt;1;3;99,359873;87,452508;ns/op;Concurrent;SlowHashInt;true;1149;false
org.kblees.hashtable.AddBenchmark.put;avgt;1;3;94,724895;84,829682;ns/op;Concurrent;SlowHashInt;true;1290;false
org.kblees.hashtable.AddBenchmark.put;avgt;1;3;89,847446;82,760217;ns/op;Concurrent;SlowHashInt;true;1448;false
org.kblees.hashtable.AddBenchmark.put;avgt;1;3;126,241343;102,635397;ns/op;Concurrent;SlowHashInt;true;1625;false
org.kblees.hashtable.AddBenchmark.put;avgt;1;3;121,729151;147,558367;ns/op;Concurrent;SlowHashInt;true;1825;false
org.kblees.hashtable.AddBenchmark.put;avgt;1;3;105,187618;81,891336;ns/op;Concurrent;SlowHashInt;true;2048;false
org.kblees.hashtable.AddBenchmark.put;avgt;1;3;102,736762;74,890022;ns/op;Concurrent;SlowHashInt;true;2299;false
org.kblees.hashtable.AddBenchmark.put;avgt;1;3;96,496824;82,473297;ns/op;Concurrent;SlowHashInt;true;2580;false
org.kblees.hashtable.AddBenchmark.put;avgt;1;3;93,09906;66,459445;ns/op;Concurrent;SlowHashInt;true;2896;false
org.kblees.hashtable.AddBenchmark.put;avgt;1;3;124,705202;77,894245;ns/op;Concurrent;SlowHashInt;true;3251;false
org.kblees.hashtable.AddBenchmark.put;avgt;1;3;118,174351;113,144194;ns/op;Concurrent;SlowHashInt;true;3649;false
org.kblees.hashtable.AddBenchmark.put;avgt;1;3;107,434231;86,540066;ns/op;Concurrent;SlowHashInt;true;4096;false
org.kblees.hashtable.AddBenchmark.put;avgt;1;3;101,393352;96,665437;ns/op;Concurrent;SlowHashInt;true;4598;false
org.kblees.hashtable.AddBenchmark.put;avgt;1;3;97,284435;79,68775;ns/op;Concurrent;SlowHashInt;true;5161;false
org.kblees.hashtable.AddBenchmark.put;avgt;1;3;94,151226;74,289316;ns/op;Concurrent;SlowHashInt;true;5793;false
org.kblees.hashtable.AddBenchmark.put;avgt;1;3;126,469956;92,414224;ns/op;Concurrent;SlowHashInt;true;6502;false
org.kblees.hashtable.AddBenchmark.put;avgt;1;3;115,992638;114,214625;ns/op;Concurrent;SlowHashInt;true;7298;false
org.kblees.hashtable.AddBenchmark.put;avgt;1;3;106,61759;91,324002;ns/op;Concurrent;SlowHashInt;true;8192;false
org.kblees.hashtable.AddBenchmark.put;avgt;1;3;102,88851;79,542931;ns/op;Concurrent;SlowHashInt;true;9195;false
org.kblees.hashtable.AddBenchmark.put;avgt;1;3;98,743945;84,739089;ns/op;Concurrent;SlowHashInt;true;10321;false
org.kblees.hashtable.AddBenchmark.put;avgt;1;3;96,036616;79,94231;ns/op;Concurrent;SlowHashInt;true;11585;false
org.kblees.hashtable.AddBenchmark.put;avgt;1;3;132,279478;73,698873;ns/op;Concurrent;SlowHashInt;true;13004;false
org.kblees.hashtable.AddBenchmark.put;avgt;1;3;120,548957;95,39132;ns/op;Concurrent;SlowHashInt;true;14596;false
org.kblees.hashtable.AddBenchmark.put;avgt;1;3;112,045444;89,274807;ns/op;Concurrent;SlowHashInt;true;16384;false
org.kblees.hashtable.AddBenchmark.put;avgt;1;3;252,423473;342,404945;ns/op;Concurrent;SlowHashInt;true;1024000;false
org.kblees.hashtable.AddBenchmark.put;avgt;1;3;228,825797;134,808248;ns/op;Concurrent;SlowHashInt;true;1149000;false
org.kblees.hashtable.AddBenchmark.put;avgt;1;3;236,006265;26,794486;ns/op;Concurrent;SlowHashInt;true;1290000;false
org.kblees.hashtable.AddBenchmark.put;avgt;1;3;220,394386;110,66278;ns/op;Concurrent;SlowHashInt;true;1448000;false
org.kblees.hashtable.AddBenchmark.put;avgt;1;3;302,424266;193,128802;ns/op;Concurrent;SlowHashInt;true;1625000;false
org.kblees.hashtable.AddBenchmark.put;avgt;1;3;296,877314;104,443686;ns/op;Concurrent;SlowHashInt;true;1825000;false
org.kblees.hashtable.AddBenchmark.put;avgt;1;3;278,050647;148,001763;ns/op;Concurrent;SlowHashInt;true;2048000;false
org.kblees.hashtable.AddBenchmark.put;avgt;1;3;268,157725;109,463384;ns/op;Concurrent;SlowHashInt;true;2299000;false
org.kblees.hashtable.AddBenchmark.put;avgt;1;3;264,268657;150,697114;ns/op;Concurrent;SlowHashInt;true;2580000;false
org.kblees.hashtable.AddBenchmark.put;avgt;1;3;262,412767;107,431906;ns/op;Concurrent;SlowHashInt;true;2896000;false
org.kblees.hashtable.AddBenchmark.put;avgt;1;3;324,857959;81,320745;ns/op;Concurrent;SlowHashInt;true;3251000;false
org.kblees.hashtable.AddBenchmark.put;avgt;1;3;309,403375;94,580731;ns/op;Concurrent;SlowHashInt;true;3649000;false
org.kblees.hashtable.AddBenchmark.put;avgt;1;3;292,68861;82,043106;ns/op;Concurrent;SlowHashInt;true;4096000;false
org.kblees.hashtable.AddBenchmark.put;avgt;1;3;286,450352;123,503964;ns/op;Concurrent;SlowHashInt;true;4598000;false
org.kblees.hashtable.AddBenchmark.put;avgt;1;3;273,372932;99,22752;ns/op;Concurrent;SlowHashInt;true;5161000;false
org.kblees.hashtable.AddBenchmark.put;avgt;1;3;268,468102;156,072986;ns/op;Concurrent;SlowHashInt;true;5793000;false
org.kblees.hashtable.AddBenchmark.put;avgt;1;3;351,329766;197,743042;ns/op;Concurrent;SlowHashInt;true;6502000;false
org.kblees.hashtable.AddBenchmark.put;avgt;1;3;333,920367;98,985554;ns/op;Concurrent;SlowHashInt;true;7298000;false
org.kblees.hashtable.AddBenchmark.put;avgt;1;3;313,256823;231,385024;ns/op;Concurrent;SlowHashInt;true;8192000;false
org.kblees.hashtable.AddBenchmark.put;avgt;1;3;310,780224;117,612891;ns/op;Concurrent;SlowHashInt;true;9195000;false
org.kblees.hashtable.AddBenchmark.put;avgt;1;3;290,553228;246,891537;ns/op;Concurrent;SlowHashInt;true;10321000;false
org.kblees.hashtable.AddBenchmark.put;avgt;1;3;286,937355;50,707583;ns/op;Concurrent;SlowHashInt;true;11585000;false
org.kblees.hashtable.AddBenchmark.put;avgt;1;3;369,35485;85,241751;ns/op;Concurrent;SlowHashInt;true;13004000;false
org.kblees.hashtable.AddBenchmark.put;avgt;1;3;353,701193;37,708782;ns/op;Concurrent;SlowHashInt;true;14596000;false
org.kblees.hashtable.AddBenchmark.put;avgt;1;3;334,816263;661,144183;ns/op;Concurrent;SlowHashInt;true;16384000;false
org.kblees.hashtable.AddBenchmark.put;avgt;1;3;76,226907;88,774348;ns/op;ConcurrentV7;SlowHashInt;true;1024;false
org.kblees.hashtable.AddBenchmark.put;avgt;1;3;75,109875;91,530828;ns/op;ConcurrentV7;SlowHashInt;true;1149;false
org.kblees.hashtable.AddBenchmark.put;avgt;1;3;73,057908;92,17171;ns/op;ConcurrentV7;SlowHashInt;true;1290;false
org.kblees.hashtable.AddBenchmark.put;avgt;1;3;79,026881;95,976803;ns/op;ConcurrentV7;SlowHashInt;true;1448;false
org.kblees.hashtable.AddBenchmark.put;avgt;1;3;76,179865;91,971036;ns/op;ConcurrentV7;SlowHashInt;true;1625;false
org.kblees.hashtable.AddBenchmark.put;avgt;1;3;79,506724;99,090947;ns/op;ConcurrentV7;SlowHashInt;true;1825;false
org.kblees.hashtable.AddBenchmark.put;avgt;1;3;80,954858;92,414156;ns/op;ConcurrentV7;SlowHashInt;true;2048;false
org.kblees.hashtable.AddBenchmark.put;avgt;1;3;77,594328;89,281834;ns/op;ConcurrentV7;SlowHashInt;true;2299;false
org.kblees.hashtable.AddBenchmark.put;avgt;1;3;79,566421;82,482849;ns/op;ConcurrentV7;SlowHashInt;true;2580;false
org.kblees.hashtable.AddBenchmark.put;avgt;1;3;80,360995;85,940744;ns/op;ConcurrentV7;SlowHashInt;true;2896;false
org.kblees.hashtable.AddBenchmark.put;avgt;1;3;85,231225;91,985797;ns/op;ConcurrentV7;SlowHashInt;true;3251;false
org.kblees.hashtable.AddBenchmark.put;avgt;1;3;85,257682;90,709265;ns/op;ConcurrentV7;SlowHashInt;true;3649;false
org.kblees.hashtable.AddBenchmark.put;avgt;1;3;85,048433;89,408498;ns/op;ConcurrentV7;SlowHashInt;true;4096;false
org.kblees.hashtable.AddBenchmark.put;avgt;1;3;82,062053;87,990099;ns/op;ConcurrentV7;SlowHashInt;true;4598;false
org.kblees.hashtable.AddBenchmark.put;avgt;1;3;83,428659;83,071841;ns/op;ConcurrentV7;SlowHashInt;true;5161;false
org.kblees.hashtable.AddBenchmark.put;avgt;1;3;86,269429;86,927767;ns/op;ConcurrentV7;SlowHashInt;true;5793;false
org.kblees.hashtable.AddBenchmark.put;avgt;1;3;95,977876;93,489614;ns/op;ConcurrentV7;SlowHashInt;true;6502;false
org.kblees.hashtable.AddBenchmark.put;avgt;1;3;96,393768;94,989565;ns/op;ConcurrentV7;SlowHashInt;true;7298;false
org.kblees.hashtable.AddBenchmark.put;avgt;1;3;87,677799;87,688696;ns/op;ConcurrentV7;SlowHashInt;true;8192;false
org.kblees.hashtable.AddBenchmark.put;avgt;1;3;90,164939;82,007903;ns/op;ConcurrentV7;SlowHashInt;true;9195;false
org.kblees.hashtable.AddBenchmark.put;avgt;1;3;84,661611;82,485171;ns/op;ConcurrentV7;SlowHashInt;true;10321;false
org.kblees.hashtable.AddBenchmark.put;avgt;1;3;86,457489;83,454061;ns/op;ConcurrentV7;SlowHashInt;true;11585;false
org.kblees.hashtable.AddBenchmark.put;avgt;1;3;94,495437;100,208898;ns/op;ConcurrentV7;SlowHashInt;true;13004;false
org.kblees.hashtable.AddBenchmark.put;avgt;1;3;95,509945;93,231006;ns/op;ConcurrentV7;SlowHashInt;true;14596;false
org.kblees.hashtable.AddBenchmark.put;avgt;1;3;88,333482;88,955224;ns/op;ConcurrentV7;SlowHashInt;true;16384;false
org.kblees.hashtable.AddBenchmark.put;avgt;1;3;191,685086;64,633269;ns/op;ConcurrentV7;SlowHashInt;true;1024000;false
org.kblees.hashtable.AddBenchmark.put;avgt;1;3;186,07689;23,321617;ns/op;ConcurrentV7;SlowHashInt;true;1149000;false
org.kblees.hashtable.AddBenchmark.put;avgt;1;3;183,66799;18,868997;ns/op;ConcurrentV7;SlowHashInt;true;1290000;false
org.kblees.hashtable.AddBenchmark.put;avgt;1;3;183,03295;15,477276;ns/op;ConcurrentV7;SlowHashInt;true;1448000;false
org.kblees.hashtable.AddBenchmark.put;avgt;1;3;256,302933;54,542837;ns/op;ConcurrentV7;SlowHashInt;true;1625000;false
org.kblees.hashtable.AddBenchmark.put;avgt;1;3;246,754451;32,802355;ns/op;ConcurrentV7;SlowHashInt;true;1825000;false
org.kblees.hashtable.AddBenchmark.put;avgt;1;3;239,507563;48,421493;ns/op;ConcurrentV7;SlowHashInt;true;2048000;false
org.kblees.hashtable.AddBenchmark.put;avgt;1;3;244,438805;105,174441;ns/op;ConcurrentV7;SlowHashInt;true;2299000;false
org.kblees.hashtable.AddBenchmark.put;avgt;1;3;231,992117;77,130188;ns/op;ConcurrentV7;SlowHashInt;true;2580000;false
org.kblees.hashtable.AddBenchmark.put;avgt;1;3;229,451384;68,803801;ns/op;ConcurrentV7;SlowHashInt;true;2896000;false
org.kblees.hashtable.AddBenchmark.put;avgt;1;3;302,158842;25,840619;ns/op;ConcurrentV7;SlowHashInt;true;3251000;false
org.kblees.hashtable.AddBenchmark.put;avgt;1;3;291,389183;44,227712;ns/op;ConcurrentV7;SlowHashInt;true;3649000;false
org.kblees.hashtable.AddBenchmark.put;avgt;1;3;282,284744;153,159868;ns/op;ConcurrentV7;SlowHashInt;true;4096000;false
org.kblees.hashtable.AddBenchmark.put;avgt;1;3;271,508264;60,557221;ns/op;ConcurrentV7;SlowHashInt;true;4598000;false
org.kblees.hashtable.AddBenchmark.put;avgt;1;3;267,798844;100,707941;ns/op;ConcurrentV7;SlowHashInt;true;5161000;false
org.kblees.hashtable.AddBenchmark.put;avgt;1;3;263,822483;61,932399;ns/op;ConcurrentV7;SlowHashInt;true;5793000;false
org.kblees.hashtable.AddBenchmark.put;avgt;1;3;355,498274;157,171721;ns/op;ConcurrentV7;SlowHashInt;true;6502000;false
org.kblees.hashtable.AddBenchmark.put;avgt;1;3;345,996549;120,842454;ns/op;ConcurrentV7;SlowHashInt;true;7298000;false
org.kblees.hashtable.AddBenchmark.put;avgt;1;3;333,866571;84,771447;ns/op;ConcurrentV7;SlowHashInt;true;8192000;false
org.kblees.hashtable.AddBenchmark.put;avgt;1;3;320,564707;51,076966;ns/op;ConcurrentV7;SlowHashInt;true;9195000;false
org.kblees.hashtable.AddBenchmark.put;avgt;1;3;305,699864;18,468453;ns/op;ConcurrentV7;SlowHashInt;true;10321000;false
org.kblees.hashtable.AddBenchmark.put;avgt;1;3;304,502188;184,602394;ns/op;ConcurrentV7;SlowHashInt;true;11585000;false
org.kblees.hashtable.AddBenchmark.put;avgt;1;3;388,632402;168,882552;ns/op;ConcurrentV7;SlowHashInt;true;13004000;false
org.kblees.hashtable.AddBenchmark.put;avgt;1;3;382,405605;284,536161;ns/op;ConcurrentV7;SlowHashInt;true;14596000;false
org.kblees.hashtable.AddBenchmark.put;avgt;1;3;366,355549;485,701301;ns/op;ConcurrentV7;SlowHashInt;true;16384000;false
org.kblees.hashtable.AddBenchmark.put;avgt;1;3;141,783132;154,857562;ns/op;NonBlocking;SlowHashInt;true;1024;false
org.kblees.hashtable.AddBenchmark.put;avgt;1;3;158,748073;158,244697;ns/op;NonBlocking;SlowHashInt;true;1149;false
org.kblees.hashtable.AddBenchmark.put;avgt;1;3;155,321957;128,619355;ns/op;NonBlocking;SlowHashInt;true;1290;false
org.kblees.hashtable.AddBenchmark.put;avgt;1;3;140,519215;126,26133;ns/op;NonBlocking;SlowHashInt;true;1448;false
org.kblees.hashtable.AddBenchmark.put;avgt;1;3;141,647734;115,285322;ns/op;NonBlocking;SlowHashInt;true;1625;false
org.kblees.hashtable.AddBenchmark.put;avgt;1;3;217,575099;191,733251;ns/op;NonBlocking;SlowHashInt;true;1825;false
org.kblees.hashtable.AddBenchmark.put;avgt;1;3;181,509556;127,091946;ns/op;NonBlocking;SlowHashInt;true;2048;false
org.kblees.hashtable.AddBenchmark.put;avgt;1;3;184,834655;138,161753;ns/op;NonBlocking;SlowHashInt;true;2299;false
org.kblees.hashtable.AddBenchmark.put;avgt;1;3;174,569148;161,414377;ns/op;NonBlocking;SlowHashInt;true;2580;false
org.kblees.hashtable.AddBenchmark.put;avgt;1;3;171,488845;167,408129;ns/op;NonBlocking;SlowHashInt;true;2896;false
org.kblees.hashtable.AddBenchmark.put;avgt;1;3;146,461035;102,882076;ns/op;NonBlocking;SlowHashInt;true;3251;false
org.kblees.hashtable.AddBenchmark.put;avgt;1;3;227,1835;238,508326;ns/op;NonBlocking;SlowHashInt;true;3649;false
org.kblees.hashtable.AddBenchmark.put;avgt;1;3;202,150055;150,917659;ns/op;NonBlocking;SlowHashInt;true;4096;false
org.kblees.hashtable.AddBenchmark.put;avgt;1;3;185,748417;150,353623;ns/op;NonBlocking;SlowHashInt;true;4598;false
org.kblees.hashtable.AddBenchmark.put;avgt;1;3;184,635198;128,900893;ns/op;NonBlocking;SlowHashInt;true;5161;false
org.kblees.hashtable.AddBenchmark.put;avgt;1;3;260,171919;267,610486;ns/op;NonBlocking;SlowHashInt;true;5793;false
org.kblees.hashtable.AddBenchmark.put;avgt;1;3;238,671711;218,027358;ns/op;NonBlocking;SlowHashInt;true;6502;false
org.kblees.hashtable.AddBenchmark.put;avgt;1;3;207,060093;190,144243;ns/op;NonBlocking;SlowHashInt;true;7298;false
org.kblees.hashtable.AddBenchmark.put;avgt;1;3;197,834402;174,634611;ns/op;NonBlocking;SlowHashInt;true;8192;false
org.kblees.hashtable.AddBenchmark.put;avgt;1;3;191,040885;163,44997;ns/op;NonBlocking;SlowHashInt;true;9195;false
org.kblees.hashtable.AddBenchmark.put;avgt;1;3;278,85898;291,640722;ns/op;NonBlocking;SlowHashInt;true;10321;false
org.kblees.hashtable.AddBenchmark.put;avgt;1;3;164,58631;129,756505;ns/op;NonBlocking;SlowHashInt;true;11585;false
org.kblees.hashtable.AddBenchmark.put;avgt;1;3;234,213385;230,364199;ns/op;NonBlocking;SlowHashInt;true;13004;false
org.kblees.hashtable.AddBenchmark.put;avgt;1;3;220,083617;186,130945;ns/op;NonBlocking;SlowHashInt;true;14596;false
org.kblees.hashtable.AddBenchmark.put;avgt;1;3;210,833627;185,310506;ns/op;NonBlocking;SlowHashInt;true;16384;false
org.kblees.hashtable.AddBenchmark.put;avgt;1;3;367,757899;123,602117;ns/op;NonBlocking;SlowHashInt;true;1024000;false
org.kblees.hashtable.AddBenchmark.put;avgt;1;3;557,280519;350,62118;ns/op;NonBlocking;SlowHashInt;true;1149000;false
org.kblees.hashtable.AddBenchmark.put;avgt;1;3;510,251377;210,740384;ns/op;NonBlocking;SlowHashInt;true;1290000;false
org.kblees.hashtable.AddBenchmark.put;avgt;1;3;483,332101;264,415614;ns/op;NonBlocking;SlowHashInt;true;1448000;false
org.kblees.hashtable.AddBenchmark.put;avgt;1;3;440,959452;185,789617;ns/op;NonBlocking;SlowHashInt;true;1625000;false
org.kblees.hashtable.AddBenchmark.put;avgt;1;3;419,868843;179,048665;ns/op;NonBlocking;SlowHashInt;true;1825000;false
org.kblees.hashtable.AddBenchmark.put;avgt;1;3;387,170416;182,339281;ns/op;NonBlocking;SlowHashInt;true;2048000;false
org.kblees.hashtable.AddBenchmark.put;avgt;1;3;580,293462;438,51544;ns/op;NonBlocking;SlowHashInt;true;2299000;false
org.kblees.hashtable.AddBenchmark.put;avgt;1;3;542,020617;496,002136;ns/op;NonBlocking;SlowHashInt;true;2580000;false
org.kblees.hashtable.AddBenchmark.put;avgt;1;3;506,998425;441,297145;ns/op;NonBlocking;SlowHashInt;true;2896000;false
org.kblees.hashtable.AddBenchmark.put;avgt;1;3;468,766232;306,695633;ns/op;NonBlocking;SlowHashInt;true;3251000;false
org.kblees.hashtable.AddBenchmark.put;avgt;1;3;429,95759;294,28757;ns/op;NonBlocking;SlowHashInt;true;3649000;false
org.kblees.hashtable.AddBenchmark.put;avgt;1;3;407,142175;135,593906;ns/op;NonBlocking;SlowHashInt;true;4096000;false
org.kblees.hashtable.AddBenchmark.put;avgt;1;3;611,163663;163,194155;ns/op;NonBlocking;SlowHashInt;true;4598000;false
org.kblees.hashtable.AddBenchmark.put;avgt;1;3;557,864385;542,818803;ns/op;NonBlocking;SlowHashInt;true;5161000;false
org.kblees.hashtable.AddBenchmark.put;avgt;1;3;528,929786;524,576623;ns/op;NonBlocking;SlowHashInt;true;5793000;false
org.kblees.hashtable.AddBenchmark.put;avgt;1;3;483,374163;377,381973;ns/op;NonBlocking;SlowHashInt;true;6502000;false
org.kblees.hashtable.AddBenchmark.put;avgt;1;3;446,54078;2,411681;ns/op;NonBlocking;SlowHashInt;true;7298000;false
org.kblees.hashtable.AddBenchmark.put;avgt;1;3;413,330724;91,601352;ns/op;NonBlocking;SlowHashInt;true;8192000;false
org.kblees.hashtable.AddBenchmark.put;avgt;1;3;636,847978;969,508414;ns/op;NonBlocking;SlowHashInt;true;9195000;false
org.kblees.hashtable.AddBenchmark.put;avgt;1;3;578,365725;336,591725;ns/op;NonBlocking;SlowHashInt;true;10321000;false
org.kblees.hashtable.AddBenchmark.put;avgt;1;3;517,300335;184,001588;ns/op;NonBlocking;SlowHashInt;true;11585000;false
org.kblees.hashtable.AddBenchmark.put;avgt;1;3;488,473485;424,973495;ns/op;NonBlocking;SlowHashInt;true;13004000;false
org.kblees.hashtable.AddBenchmark.put;avgt;1;3;475,724307;1200,520515;ns/op;NonBlocking;SlowHashInt;true;14596000;false
org.kblees.hashtable.AddBenchmark.put;avgt;1;3;448,17205;477,006744;ns/op;NonBlocking;SlowHashInt;true;16384000;false
org.kblees.hashtable.AddBenchmark.put;avgt;1;3;92,439163;57,69634;ns/op;Koloboke;SlowHashInt;true;1024;false
org.kblees.hashtable.AddBenchmark.put;avgt;1;3;87,146098;41,173195;ns/op;Koloboke;SlowHashInt;true;1149;false
org.kblees.hashtable.AddBenchmark.put;avgt;1;3;81,516809;46,691931;ns/op;Koloboke;SlowHashInt;true;1290;false
org.kblees.hashtable.AddBenchmark.put;avgt;1;3;119,788999;83,736327;ns/op;Koloboke;SlowHashInt;true;1448;false
org.kblees.hashtable.AddBenchmark.put;avgt;1;3;112,886073;73,886916;ns/op;Koloboke;SlowHashInt;true;1625;false
org.kblees.hashtable.AddBenchmark.put;avgt;1;3;105,690502;63,867807;ns/op;Koloboke;SlowHashInt;true;1825;false
org.kblees.hashtable.AddBenchmark.put;avgt;1;3;96,738649;58,7531;ns/op;Koloboke;SlowHashInt;true;2048;false
org.kblees.hashtable.AddBenchmark.put;avgt;1;3;89,580843;51,365676;ns/op;Koloboke;SlowHashInt;true;2299;false
org.kblees.hashtable.AddBenchmark.put;avgt;1;3;85,254069;43,849365;ns/op;Koloboke;SlowHashInt;true;2580;false
org.kblees.hashtable.AddBenchmark.put;avgt;1;3;123,185641;84,779236;ns/op;Koloboke;SlowHashInt;true;2896;false
org.kblees.hashtable.AddBenchmark.put;avgt;1;3;114,06232;64,754843;ns/op;Koloboke;SlowHashInt;true;3251;false
org.kblees.hashtable.AddBenchmark.put;avgt;1;3;107,844653;59,343553;ns/op;Koloboke;SlowHashInt;true;3649;false
org.kblees.hashtable.AddBenchmark.put;avgt;1;3;99,228097;50,940994;ns/op;Koloboke;SlowHashInt;true;4096;false
org.kblees.hashtable.AddBenchmark.put;avgt;1;3;92,005851;50,099804;ns/op;Koloboke;SlowHashInt;true;4598;false
org.kblees.hashtable.AddBenchmark.put;avgt;1;3;88,236309;38,105514;ns/op;Koloboke;SlowHashInt;true;5161;false
org.kblees.hashtable.AddBenchmark.put;avgt;1;3;124,872633;76,304711;ns/op;Koloboke;SlowHashInt;true;5793;false
org.kblees.hashtable.AddBenchmark.put;avgt;1;3;115,6369;81,377338;ns/op;Koloboke;SlowHashInt;true;6502;false
org.kblees.hashtable.AddBenchmark.put;avgt;1;3;107,683663;58,271736;ns/op;Koloboke;SlowHashInt;true;7298;false
org.kblees.hashtable.AddBenchmark.put;avgt;1;3;100,572859;52,285175;ns/op;Koloboke;SlowHashInt;true;8192;false
org.kblees.hashtable.AddBenchmark.put;avgt;1;3;94,109463;47,038519;ns/op;Koloboke;SlowHashInt;true;9195;false
org.kblees.hashtable.AddBenchmark.put;avgt;1;3;89,864803;38,927275;ns/op;Koloboke;SlowHashInt;true;10321;false
org.kblees.hashtable.AddBenchmark.put;avgt;1;3;127,476711;71,854721;ns/op;Koloboke;SlowHashInt;true;11585;false
org.kblees.hashtable.AddBenchmark.put;avgt;1;3;119,033809;62,352546;ns/op;Koloboke;SlowHashInt;true;13004;false
org.kblees.hashtable.AddBenchmark.put;avgt;1;3;112,098593;62,626673;ns/op;Koloboke;SlowHashInt;true;14596;false
org.kblees.hashtable.AddBenchmark.put;avgt;1;3;102,995614;54,406193;ns/op;Koloboke;SlowHashInt;true;16384;false
org.kblees.hashtable.AddBenchmark.put;avgt;1;3;261,082526;49,165611;ns/op;Koloboke;SlowHashInt;true;1024000;false
org.kblees.hashtable.AddBenchmark.put;avgt;1;3;247,190341;44,560383;ns/op;Koloboke;SlowHashInt;true;1149000;false
org.kblees.hashtable.AddBenchmark.put;avgt;1;3;239,265858;60,800238;ns/op;Koloboke;SlowHashInt;true;1290000;false
org.kblees.hashtable.AddBenchmark.put;avgt;1;3;359,804747;43,5518;ns/op;Koloboke;SlowHashInt;true;1448000;false
org.kblees.hashtable.AddBenchmark.put;avgt;1;3;335,851498;45,607944;ns/op;Koloboke;SlowHashInt;true;1625000;false
org.kblees.hashtable.AddBenchmark.put;avgt;1;3;315,205451;88,744246;ns/op;Koloboke;SlowHashInt;true;1825000;false
org.kblees.hashtable.AddBenchmark.put;avgt;1;3;298,806499;73,666386;ns/op;Koloboke;SlowHashInt;true;2048000;false
org.kblees.hashtable.AddBenchmark.put;avgt;1;3;284,506774;18,519291;ns/op;Koloboke;SlowHashInt;true;2299000;false
org.kblees.hashtable.AddBenchmark.put;avgt;1;3;273,373562;17,440104;ns/op;Koloboke;SlowHashInt;true;2580000;false
org.kblees.hashtable.AddBenchmark.put;avgt;1;3;404,808115;195,768437;ns/op;Koloboke;SlowHashInt;true;2896000;false
org.kblees.hashtable.AddBenchmark.put;avgt;1;3;371,543218;113,528633;ns/op;Koloboke;SlowHashInt;true;3251000;false
org.kblees.hashtable.AddBenchmark.put;avgt;1;3;351,833619;114,772352;ns/op;Koloboke;SlowHashInt;true;3649000;false
org.kblees.hashtable.AddBenchmark.put;avgt;1;3;333,064857;37,857252;ns/op;Koloboke;SlowHashInt;true;4096000;false
org.kblees.hashtable.AddBenchmark.put;avgt;1;3;321,499031;42,573987;ns/op;Koloboke;SlowHashInt;true;4598000;false
org.kblees.hashtable.AddBenchmark.put;avgt;1;3;309,01714;52,320876;ns/op;Koloboke;SlowHashInt;true;5161000;false
org.kblees.hashtable.AddBenchmark.put;avgt;1;3;439,843633;62,638539;ns/op;Koloboke;SlowHashInt;true;5793000;false
org.kblees.hashtable.AddBenchmark.put;avgt;1;3;406,580191;428,872327;ns/op;Koloboke;SlowHashInt;true;6502000;false
org.kblees.hashtable.AddBenchmark.put;avgt;1;3;382,560107;182,574134;ns/op;Koloboke;SlowHashInt;true;7298000;false
org.kblees.hashtable.AddBenchmark.put;avgt;1;3;357,670223;419,881262;ns/op;Koloboke;SlowHashInt;true;8192000;false
org.kblees.hashtable.AddBenchmark.put;avgt;1;3;343,762812;77,42148;ns/op;Koloboke;SlowHashInt;true;9195000;false
org.kblees.hashtable.AddBenchmark.put;avgt;1;3;323,464923;123,65901;ns/op;Koloboke;SlowHashInt;true;10321000;false
org.kblees.hashtable.AddBenchmark.put;avgt;1;3;448,449443;54,826288;ns/op;Koloboke;SlowHashInt;true;11585000;false
org.kblees.hashtable.AddBenchmark.put;avgt;1;3;420,519836;46,322751;ns/op;Koloboke;SlowHashInt;true;13004000;false
org.kblees.hashtable.AddBenchmark.put;avgt;1;3;396,718179;801,602858;ns/op;Koloboke;SlowHashInt;true;14596000;false
org.kblees.hashtable.AddBenchmark.put;avgt;1;3;373,821098;643,716645;ns/op;Koloboke;SlowHashInt;true;16384000;false
org.kblees.hashtable.AddBenchmark.put;avgt;1;3;99,111945;60,16093;ns/op;FastUtil;SlowHashInt;true;1024;false
org.kblees.hashtable.AddBenchmark.put;avgt;1;3;92,671372;54,157365;ns/op;FastUtil;SlowHashInt;true;1149;false
org.kblees.hashtable.AddBenchmark.put;avgt;1;3;85,894998;48,919419;ns/op;FastUtil;SlowHashInt;true;1290;false
org.kblees.hashtable.AddBenchmark.put;avgt;1;3;82,979589;37,45826;ns/op;FastUtil;SlowHashInt;true;1448;false
org.kblees.hashtable.AddBenchmark.put;avgt;1;3;118,593877;77,857017;ns/op;FastUtil;SlowHashInt;true;1625;false
org.kblees.hashtable.AddBenchmark.put;avgt;1;3;111,479135;73,832341;ns/op;FastUtil;SlowHashInt;true;1825;false
org.kblees.hashtable.AddBenchmark.put;avgt;1;3;102,761567;62,554519;ns/op;FastUtil;SlowHashInt;true;2048;false
org.kblees.hashtable.AddBenchmark.put;avgt;1;3;96,0858;51,438975;ns/op;FastUtil;SlowHashInt;true;2299;false
org.kblees.hashtable.AddBenchmark.put;avgt;1;3;91,380011;45,678644;ns/op;FastUtil;SlowHashInt;true;2580;false
org.kblees.hashtable.AddBenchmark.put;avgt;1;3;87,474355;27,394056;ns/op;FastUtil;SlowHashInt;true;2896;false
org.kblees.hashtable.AddBenchmark.put;avgt;1;3;120,618152;71,381148;ns/op;FastUtil;SlowHashInt;true;3251;false
org.kblees.hashtable.AddBenchmark.put;avgt;1;3;111,499134;59,081661;ns/op;FastUtil;SlowHashInt;true;3649;false
org.kblees.hashtable.AddBenchmark.put;avgt;1;3;106,248853;68,188672;ns/op;FastUtil;SlowHashInt;true;4096;false
org.kblees.hashtable.AddBenchmark.put;avgt;1;3;100,426809;45,835579;ns/op;FastUtil;SlowHashInt;true;4598;false
org.kblees.hashtable.AddBenchmark.put;avgt;1;3;96,416739;36,027441;ns/op;FastUtil;SlowHashInt;true;5161;false
org.kblees.hashtable.AddBenchmark.put;avgt;1;3;91,37669;39,21687;ns/op;FastUtil;SlowHashInt;true;5793;false
org.kblees.hashtable.AddBenchmark.put;avgt;1;3;125,959694;69,556841;ns/op;FastUtil;SlowHashInt;true;6502;false
org.kblees.hashtable.AddBenchmark.put;avgt;1;3;118,344712;42,633658;ns/op;FastUtil;SlowHashInt;true;7298;false
org.kblees.hashtable.AddBenchmark.put;avgt;1;3;108,1184;43,180293;ns/op;FastUtil;SlowHashInt;true;8192;false
org.kblees.hashtable.AddBenchmark.put;avgt;1;3;103,427024;50,117714;ns/op;FastUtil;SlowHashInt;true;9195;false
org.kblees.hashtable.AddBenchmark.put;avgt;1;3;98,075387;34,408363;ns/op;FastUtil;SlowHashInt;true;10321;false
org.kblees.hashtable.AddBenchmark.put;avgt;1;3;94,943855;38,770529;ns/op;FastUtil;SlowHashInt;true;11585;false
org.kblees.hashtable.AddBenchmark.put;avgt;1;3;130,379478;55,907024;ns/op;FastUtil;SlowHashInt;true;13004;false
org.kblees.hashtable.AddBenchmark.put;avgt;1;3;121,721345;52,115298;ns/op;FastUtil;SlowHashInt;true;14596;false
org.kblees.hashtable.AddBenchmark.put;avgt;1;3;116,175398;61,011449;ns/op;FastUtil;SlowHashInt;true;16384;false
org.kblees.hashtable.AddBenchmark.put;avgt;1;3;294,628082;136,504505;ns/op;FastUtil;SlowHashInt;true;1024000;false
org.kblees.hashtable.AddBenchmark.put;avgt;1;3;286,008967;112,23519;ns/op;FastUtil;SlowHashInt;true;1149000;false
org.kblees.hashtable.AddBenchmark.put;avgt;1;3;259,512129;129,754372;ns/op;FastUtil;SlowHashInt;true;1290000;false
org.kblees.hashtable.AddBenchmark.put;avgt;1;3;252,994235;45,849375;ns/op;FastUtil;SlowHashInt;true;1448000;false
org.kblees.hashtable.AddBenchmark.put;avgt;1;3;386,153825;107,699672;ns/op;FastUtil;SlowHashInt;true;1625000;false
org.kblees.hashtable.AddBenchmark.put;avgt;1;3;346,445992;69,966044;ns/op;FastUtil;SlowHashInt;true;1825000;false
org.kblees.hashtable.AddBenchmark.put;avgt;1;3;329,304965;10,807105;ns/op;FastUtil;SlowHashInt;true;2048000;false
org.kblees.hashtable.AddBenchmark.put;avgt;1;3;314,449823;91,355089;ns/op;FastUtil;SlowHashInt;true;2299000;false
org.kblees.hashtable.AddBenchmark.put;avgt;1;3;305,205757;95,366978;ns/op;FastUtil;SlowHashInt;true;2580000;false
org.kblees.hashtable.AddBenchmark.put;avgt;1;3;293,040778;108,677871;ns/op;FastUtil;SlowHashInt;true;2896000;false
org.kblees.hashtable.AddBenchmark.put;avgt;1;3;416,578063;39,799438;ns/op;FastUtil;SlowHashInt;true;3251000;false
org.kblees.hashtable.AddBenchmark.put;avgt;1;3;403,594385;232,388192;ns/op;FastUtil;SlowHashInt;true;3649000;false
org.kblees.hashtable.AddBenchmark.put;avgt;1;3;372,188754;115,907525;ns/op;FastUtil;SlowHashInt;true;4096000;false
org.kblees.hashtable.AddBenchmark.put;avgt;1;3;355,696329;136,807309;ns/op;FastUtil;SlowHashInt;true;4598000;false
org.kblees.hashtable.AddBenchmark.put;avgt;1;3;352,975659;149,334805;ns/op;FastUtil;SlowHashInt;true;5161000;false
org.kblees.hashtable.AddBenchmark.put;avgt;1;3;339,215091;159,638576;ns/op;FastUtil;SlowHashInt;true;5793000;false
org.kblees.hashtable.AddBenchmark.put;avgt;1;3;451,262479;329,957332;ns/op;FastUtil;SlowHashInt;true;6502000;false
org.kblees.hashtable.AddBenchmark.put;avgt;1;3;420,633079;127,377814;ns/op;FastUtil;SlowHashInt;true;7298000;false
org.kblees.hashtable.AddBenchmark.put;avgt;1;3;397,544463;36,003517;ns/op;FastUtil;SlowHashInt;true;8192000;false
org.kblees.hashtable.AddBenchmark.put;avgt;1;3;387,964504;168,748609;ns/op;FastUtil;SlowHashInt;true;9195000;false
org.kblees.hashtable.AddBenchmark.put;avgt;1;3;367,666528;460,672014;ns/op;FastUtil;SlowHashInt;true;10321000;false
org.kblees.hashtable.AddBenchmark.put;avgt;1;3;356,476482;174,695702;ns/op;FastUtil;SlowHashInt;true;11585000;false
org.kblees.hashtable.AddBenchmark.put;avgt;1;3;466,215667;838,969744;ns/op;FastUtil;SlowHashInt;true;13004000;false
org.kblees.hashtable.AddBenchmark.put;avgt;1;3;454,999475;718,377429;ns/op;FastUtil;SlowHashInt;true;14596000;false
org.kblees.hashtable.AddBenchmark.put;avgt;1;3;434,215741;604,973355;ns/op;FastUtil;SlowHashInt;true;16384000;false
org.kblees.hashtable.AddBenchmark.put;avgt;1;3;124,076337;25,019155;ns/op;Smoothie;SlowHashInt;true;1024;false
org.kblees.hashtable.AddBenchmark.put;avgt;1;3;129,583502;29,564877;ns/op;Smoothie;SlowHashInt;true;1149;false
org.kblees.hashtable.AddBenchmark.put;avgt;1;3;114,701339;19,230138;ns/op;Smoothie;SlowHashInt;true;1290;false
org.kblees.hashtable.AddBenchmark.put;avgt;1;3;110,386288;16,061357;ns/op;Smoothie;SlowHashInt;true;1448;false
org.kblees.hashtable.AddBenchmark.put;avgt;1;3;149,595892;22,940943;ns/op;Smoothie;SlowHashInt;true;1625;false
org.kblees.hashtable.AddBenchmark.put;avgt;1;3;139,989869;29,278583;ns/op;Smoothie;SlowHashInt;true;1825;false
org.kblees.hashtable.AddBenchmark.put;avgt;1;3;132,509213;20,398088;ns/op;Smoothie;SlowHashInt;true;2048;false
org.kblees.hashtable.AddBenchmark.put;avgt;1;3;130,84251;37,890404;ns/op;Smoothie;SlowHashInt;true;2299;false
org.kblees.hashtable.AddBenchmark.put;avgt;1;3;124,972655;22,996194;ns/op;Smoothie;SlowHashInt;true;2580;false
org.kblees.hashtable.AddBenchmark.put;avgt;1;3;117,649074;21,612488;ns/op;Smoothie;SlowHashInt;true;2896;false
org.kblees.hashtable.AddBenchmark.put;avgt;1;3;148,218989;20,831255;ns/op;Smoothie;SlowHashInt;true;3251;false
org.kblees.hashtable.AddBenchmark.put;avgt;1;3;144,568204;27,040527;ns/op;Smoothie;SlowHashInt;true;3649;false
org.kblees.hashtable.AddBenchmark.put;avgt;1;3;136,953565;33,948218;ns/op;Smoothie;SlowHashInt;true;4096;false
org.kblees.hashtable.AddBenchmark.put;avgt;1;3;135,025546;19,58235;ns/op;Smoothie;SlowHashInt;true;4598;false
org.kblees.hashtable.AddBenchmark.put;avgt;1;3;130,013581;21,373485;ns/op;Smoothie;SlowHashInt;true;5161;false
org.kblees.hashtable.AddBenchmark.put;avgt;1;3;117,100697;20,617314;ns/op;Smoothie;SlowHashInt;true;5793;false
org.kblees.hashtable.AddBenchmark.put;avgt;1;3;158,344065;34,168589;ns/op;Smoothie;SlowHashInt;true;6502;false
org.kblees.hashtable.AddBenchmark.put;avgt;1;3;147,627696;37,376976;ns/op;Smoothie;SlowHashInt;true;7298;false
org.kblees.hashtable.AddBenchmark.put;avgt;1;3;138,351263;31,362302;ns/op;Smoothie;SlowHashInt;true;8192;false
org.kblees.hashtable.AddBenchmark.put;avgt;1;3;145,547028;28,631662;ns/op;Smoothie;SlowHashInt;true;9195;false
org.kblees.hashtable.AddBenchmark.put;avgt;1;3;128,555047;24,530019;ns/op;Smoothie;SlowHashInt;true;10321;false
org.kblees.hashtable.AddBenchmark.put;avgt;1;3;120,584071;21,484132;ns/op;Smoothie;SlowHashInt;true;11585;false
org.kblees.hashtable.AddBenchmark.put;avgt;1;3;178,162724;47,669006;ns/op;Smoothie;SlowHashInt;true;13004;false
org.kblees.hashtable.AddBenchmark.put;avgt;1;3;165,964604;46,168296;ns/op;Smoothie;SlowHashInt;true;14596;false
org.kblees.hashtable.AddBenchmark.put;avgt;1;3;157,987127;37,183774;ns/op;Smoothie;SlowHashInt;true;16384;false
org.kblees.hashtable.AddBenchmark.put;avgt;1;3;289,34146;39,54431;ns/op;Smoothie;SlowHashInt;true;1024000;false
org.kblees.hashtable.AddBenchmark.put;avgt;1;3;274,688942;44,459849;ns/op;Smoothie;SlowHashInt;true;1149000;false
org.kblees.hashtable.AddBenchmark.put;avgt;1;3;263,637809;16,102653;ns/op;Smoothie;SlowHashInt;true;1290000;false
org.kblees.hashtable.AddBenchmark.put;avgt;1;3;261,991772;62,887672;ns/op;Smoothie;SlowHashInt;true;1448000;false
org.kblees.hashtable.AddBenchmark.put;avgt;1;3;330,648132;45,49349;ns/op;Smoothie;SlowHashInt;true;1625000;false
org.kblees.hashtable.AddBenchmark.put;avgt;1;3;351,200492;37,104152;ns/op;Smoothie;SlowHashInt;true;1825000;false
org.kblees.hashtable.AddBenchmark.put;avgt;1;3;335,822126;48,592815;ns/op;Smoothie;SlowHashInt;true;2048000;false
org.kblees.hashtable.AddBenchmark.put;avgt;1;3;316,001304;60,066212;ns/op;Smoothie;SlowHashInt;true;2299000;false
org.kblees.hashtable.AddBenchmark.put;avgt;1;3;301,107673;115,086644;ns/op;Smoothie;SlowHashInt;true;2580000;false
org.kblees.hashtable.AddBenchmark.put;avgt;1;3;304,546499;43,407039;ns/op;Smoothie;SlowHashInt;true;2896000;false
org.kblees.hashtable.AddBenchmark.put;avgt;1;3;360,524513;59,011648;ns/op;Smoothie;SlowHashInt;true;3251000;false
org.kblees.hashtable.AddBenchmark.put;avgt;1;3;393,095571;21,33773;ns/op;Smoothie;SlowHashInt;true;3649000;false
org.kblees.hashtable.AddBenchmark.put;avgt;1;3;370,945873;45,091198;ns/op;Smoothie;SlowHashInt;true;4096000;false
org.kblees.hashtable.AddBenchmark.put;avgt;1;3;350,022399;44,147665;ns/op;Smoothie;SlowHashInt;true;4598000;false
org.kblees.hashtable.AddBenchmark.put;avgt;1;3;337,252889;110,436906;ns/op;Smoothie;SlowHashInt;true;5161000;false
org.kblees.hashtable.AddBenchmark.put;avgt;1;3;329,89276;44,034558;ns/op;Smoothie;SlowHashInt;true;5793000;false
org.kblees.hashtable.AddBenchmark.put;avgt;1;3;451,99736;245,646749;ns/op;Smoothie;SlowHashInt;true;6502000;false
org.kblees.hashtable.AddBenchmark.put;avgt;1;3;416,735679;165,392948;ns/op;Smoothie;SlowHashInt;true;7298000;false
org.kblees.hashtable.AddBenchmark.put;avgt;1;3;400,649377;11,007375;ns/op;Smoothie;SlowHashInt;true;8192000;false
org.kblees.hashtable.AddBenchmark.put;avgt;1;3;383,379974;166,42454;ns/op;Smoothie;SlowHashInt;true;9195000;false
org.kblees.hashtable.AddBenchmark.put;avgt;1;3;362,253574;310,372913;ns/op;Smoothie;SlowHashInt;true;10321000;false
org.kblees.hashtable.AddBenchmark.put;avgt;1;3;349,57085;246,626801;ns/op;Smoothie;SlowHashInt;true;11585000;false
org.kblees.hashtable.AddBenchmark.put;avgt;1;3;493,569269;980,874394;ns/op;Smoothie;SlowHashInt;true;13004000;false
org.kblees.hashtable.AddBenchmark.put;avgt;1;3;459,642834;489,952694;ns/op;Smoothie;SlowHashInt;true;14596000;false
org.kblees.hashtable.AddBenchmark.put;avgt;1;3;434,889589;73,308169;ns/op;Smoothie;SlowHashInt;true;16384000;false
org.kblees.hashtable.AddBenchmark.put;avgt;1;3;99,72155;61,845635;ns/op;SwissTable;SlowHashInt;true;1024;false
org.kblees.hashtable.AddBenchmark.put;avgt;1;3;92,75779;50,865605;ns/op;SwissTable;SlowHashInt;true;1149;false
org.kblees.hashtable.AddBenchmark.put;avgt;1;3;87,611643;38,692906;ns/op;SwissTable;SlowHashInt;true;1290;false
org.kblees.hashtable.AddBenchmark.put;avgt;1;3;80,504661;43,290335;ns/op;SwissTable;SlowHashInt;true;1448;false
org.kblees.hashtable.AddBenchmark.put;avgt;1;3;112,116797;71,175276;ns/op;SwissTable;SlowHashInt;true;1625;false
org.kblees.hashtable.AddBenchmark.put;avgt;1;3;104,694538;67,276303;ns/op;SwissTable;SlowHashInt;true;1825;false
org.kblees.hashtable.AddBenchmark.put;avgt;1;3;97,835996;57,133007;ns/op;SwissTable;SlowHashInt;true;2048;false
org.kblees.hashtable.AddBenchmark.put;avgt;1;3;91,835091;53,228722;ns/op;SwissTable;SlowHashInt;true;2299;false
org.kblees.hashtable.AddBenchmark.put;avgt;1;3;86,508049;46,703163;ns/op;SwissTable;SlowHashInt;true;2580;false
org.kblees.hashtable.AddBenchmark.put;avgt;1;3;80,642774;43,923204;ns/op;SwissTable;SlowHashInt;true;2896;false
org.kblees.hashtable.AddBenchmark.put;avgt;1;3;113,292802;73,29959;ns/op;SwissTable;SlowHashInt;true;3251;false
org.kblees.hashtable.AddBenchmark.put;avgt;1;3;104,655165;66,654371;ns/op;SwissTable;SlowHashInt;true;3649;false
org.kblees.hashtable.AddBenchmark.put;avgt;1;3;98,590017;57,413671;ns/op;SwissTable;SlowHashInt;true;4096;false
org.kblees.hashtable.AddBenchmark.put;avgt;1;3;91,542077;56,247672;ns/op;SwissTable;SlowHashInt;true;4598;false
org.kblees.hashtable.AddBenchmark.put;avgt;1;3;86,959645;46,639119;ns/op;SwissTable;SlowHashInt;true;5161;false
org.kblees.hashtable.AddBenchmark.put;avgt;1;3;81,704902;40,029605;ns/op;SwissTable;SlowHashInt;true;5793;false
org.kblees.hashtable.AddBenchmark.put;avgt;1;3;114,7801;71,563353;ns/op;SwissTable;SlowHashInt;true;6502;false
org.kblees.hashtable.AddBenchmark.put;avgt;1;3;106,444177;67,998034;ns/op;SwissTable;SlowHashInt;true;7298;false
org.kblees.hashtable.AddBenchmark.put;avgt;1;3;99,063813;57,980884;ns/op;SwissTable;SlowHashInt;true;8192;false
org.kblees.hashtable.AddBenchmark.put;avgt;1;3;92,549308;52,479511;ns/op;SwissTable;SlowHashInt;true;9195;false
org.kblees.hashtable.AddBenchmark.put;avgt;1;3;87,309703;49,637547;ns/op;SwissTable;SlowHashInt;true;10321;false
org.kblees.hashtable.AddBenchmark.put;avgt;1;3;81,377213;43,678229;ns/op;SwissTable;SlowHashInt;true;11585;false
org.kblees.hashtable.AddBenchmark.put;avgt;1;3;117,757981;73,062154;ns/op;SwissTable;SlowHashInt;true;13004;false
org.kblees.hashtable.AddBenchmark.put;avgt;1;3;108,649105;74,956656;ns/op;SwissTable;SlowHashInt;true;14596;false
org.kblees.hashtable.AddBenchmark.put;avgt;1;3;101,761471;60,922237;ns/op;SwissTable;SlowHashInt;true;16384;false
org.kblees.hashtable.AddBenchmark.put;avgt;1;3;225,821263;59,936953;ns/op;SwissTable;SlowHashInt;true;1024000;false
org.kblees.hashtable.AddBenchmark.put;avgt;1;3;213,096051;58,685348;ns/op;SwissTable;SlowHashInt;true;1149000;false
org.kblees.hashtable.AddBenchmark.put;avgt;1;3;204,502664;57,04411;ns/op;SwissTable;SlowHashInt;true;1290000;false
org.kblees.hashtable.AddBenchmark.put;avgt;1;3;195,156684;22,995988;ns/op;SwissTable;SlowHashInt;true;1448000;false
org.kblees.hashtable.AddBenchmark.put;avgt;1;3;300,669401;16,136494;ns/op;SwissTable;SlowHashInt;true;1625000;false
org.kblees.hashtable.AddBenchmark.put;avgt;1;3;281,399789;71,462743;ns/op;SwissTable;SlowHashInt;true;1825000;false
org.kblees.hashtable.AddBenchmark.put;avgt;1;3;268,613661;43,97661;ns/op;SwissTable;SlowHashInt;true;2048000;false
org.kblees.hashtable.AddBenchmark.put;avgt;1;3;255,581413;81,83569;ns/op;SwissTable;SlowHashInt;true;2299000;false
org.kblees.hashtable.AddBenchmark.put;avgt;1;3;242,999294;106,914229;ns/op;SwissTable;SlowHashInt;true;2580000;false
org.kblees.hashtable.AddBenchmark.put;avgt;1;3;234,996685;54,008691;ns/op;SwissTable;SlowHashInt;true;2896000;false
org.kblees.hashtable.AddBenchmark.put;avgt;1;3;346,050614;87,27579;ns/op;SwissTable;SlowHashInt;true;3251000;false
org.kblees.hashtable.AddBenchmark.put;avgt;1;3;324,129883;101,816478;ns/op;SwissTable;SlowHashInt;true;3649000;false
org.kblees.hashtable.AddBenchmark.put;avgt;1;3;305,211776;71,011079;ns/op;SwissTable;SlowHashInt;true;4096000;false
org.kblees.hashtable.AddBenchmark.put;avgt;1;3;290,273792;204,900905;ns/op;SwissTable;SlowHashInt;true;4598000;false
org.kblees.hashtable.AddBenchmark.put;avgt;1;3;277,111395;36,236134;ns/op;SwissTable;SlowHashInt;true;5161000;false
org.kblees.hashtable.AddBenchmark.put;avgt;1;3;266,761736;211,99731;ns/op;SwissTable;SlowHashInt;true;5793000;false
org.kblees.hashtable.AddBenchmark.put;avgt;1;3;377,912141;46,475119;ns/op;SwissTable;SlowHashInt;true;6502000;false
org.kblees.hashtable.AddBenchmark.put;avgt;1;3;353,543215;52,737688;ns/op;SwissTable;SlowHashInt;true;7298000;false
org.kblees.hashtable.AddBenchmark.put;avgt;1;3;325,57386;129,725769;ns/op;SwissTable;SlowHashInt;true;8192000;false
org.kblees.hashtable.AddBenchmark.put;avgt;1;3;324,970406;407,47233;ns/op;SwissTable;SlowHashInt;true;9195000;false
org.kblees.hashtable.AddBenchmark.put;avgt;1;3;308,119867;43,349197;ns/op;SwissTable;SlowHashInt;true;10321000;false
org.kblees.hashtable.AddBenchmark.put;avgt;1;3;288,511455;96,609712;ns/op;SwissTable;SlowHashInt;true;11585000;false
org.kblees.hashtable.AddBenchmark.put;avgt;1;3;400,887838;78,860996;ns/op;SwissTable;SlowHashInt;true;13004000;false
org.kblees.hashtable.AddBenchmark.put;avgt;1;3;371,853552;73,611122;ns/op;SwissTable;SlowHashInt;true;14596000;false
org.kblees.hashtable.AddBenchmark.put;avgt;1;3;349,809927;657,106713;ns/op;SwissTable;SlowHashInt;true;16384000;false
