Benchmark;Mode;Threads;Samples;Score;Score Error (99,9%);Unit;RandomKeys;Size;Type;UseCapacity
org.kblees.hashtable.primitive.IntSetAddBenchmark.add:·gc.alloc.rate.norm;avgt;1;5;5,570316;0,000007;B/op;true;1024;SeparateChaining;true
org.kblees.hashtable.primitive.IntSetAddBenchmark.add:·gc.alloc.rate.norm;avgt;1;5;16,117251;0,000103;B/op;true;1024;LockFree;true
org.kblees.hashtable.primitive.IntSetAddBenchmark.add:·gc.alloc.rate.norm;avgt;1;5;8,093755;0,000006;B/op;true;1024;FastUtil;true
org.kblees.hashtable.primitive.IntSetAddBenchmark.add:·gc.alloc.rate.norm;avgt;1;5;8,07813;0,000008;B/op;true;1024;Koloboke;true
org.kblees.hashtable.primitive.IntSetAddBenchmark.add:·gc.alloc.rate.norm;avgt;1;5;8,070319;0,000007;B/op;true;1024;OpenLinearFibonacci;true
org.kblees.hashtable.primitive.IntSetAddBenchmark.add:·gc.alloc.rate.norm;avgt;1;5;8,07813;0,000013;B/op;true;1024;OpenLinearMixModulo;true
org.kblees.hashtable.primitive.IntSetAddBenchmark.add:·gc.alloc.rate.norm;avgt;1;5;8,07032;0,000012;B/op;true;1024;RobinHood;true
org.kblees.hashtable.primitive.IntSetAddBenchmark.add:·gc.alloc.rate.norm;avgt;1;5;9,865978;0,000009;B/op;true;1149;SeparateChaining;true
org.kblees.hashtable.primitive.IntSetAddBenchmark.add:·gc.alloc.rate.norm;avgt;1;5;14,36386;0,000091;B/op;true;1149;LockFree;true
org.kblees.hashtable.primitive.IntSetAddBenchmark.add:·gc.alloc.rate.norm;avgt;1;5;7,213234;0,000007;B/op;true;1149;FastUtil;true
org.kblees.hashtable.primitive.IntSetAddBenchmark.add:·gc.alloc.rate.norm;avgt;1;5;7,19931;0,000006;B/op;true;1149;Koloboke;true
org.kblees.hashtable.primitive.IntSetAddBenchmark.add:·gc.alloc.rate.norm;avgt;1;5;7,192347;0,000015;B/op;true;1149;OpenLinearFibonacci;true
org.kblees.hashtable.primitive.IntSetAddBenchmark.add:·gc.alloc.rate.norm;avgt;1;5;7,19931;0,000012;B/op;true;1149;OpenLinearMixModulo;true
org.kblees.hashtable.primitive.IntSetAddBenchmark.add:·gc.alloc.rate.norm;avgt;1;5;7,192349;0,000023;B/op;true;1149;RobinHood;true
org.kblees.hashtable.primitive.IntSetAddBenchmark.add:·gc.alloc.rate.norm;avgt;1;5;8,787602;0,000012;B/op;true;1290;SeparateChaining;true
org.kblees.hashtable.primitive.IntSetAddBenchmark.add:·gc.alloc.rate.norm;avgt;1;5;12,793849;0,000101;B/op;true;1290;LockFree;true
org.kblees.hashtable.primitive.IntSetAddBenchmark.add:·gc.alloc.rate.norm;avgt;1;5;6,42481;0,00001;B/op;true;1290;FastUtil;true
org.kblees.hashtable.primitive.IntSetAddBenchmark.add:·gc.alloc.rate.norm;avgt;1;5;6,41241;0,000008;B/op;true;1290;Koloboke;true
org.kblees.hashtable.primitive.IntSetAddBenchmark.add:·gc.alloc.rate.norm;avgt;1;5;6,406209;0,000018;B/op;true;1290;OpenLinearFibonacci;true
org.kblees.hashtable.primitive.IntSetAddBenchmark.add:·gc.alloc.rate.norm;avgt;1;5;6,412409;0,000015;B/op;true;1290;OpenLinearMixModulo;true
org.kblees.hashtable.primitive.IntSetAddBenchmark.add:·gc.alloc.rate.norm;avgt;1;5;6,406208;0,000015;B/op;true;1290;RobinHood;true
org.kblees.hashtable.primitive.IntSetAddBenchmark.add:·gc.alloc.rate.norm;avgt;1;5;7,828737;0,000007;B/op;true;1448;SeparateChaining;true
org.kblees.hashtable.primitive.IntSetAddBenchmark.add:·gc.alloc.rate.norm;avgt;1;5;11,397846;0,000115;B/op;true;1448;LockFree;true
org.kblees.hashtable.primitive.IntSetAddBenchmark.add:·gc.alloc.rate.norm;avgt;1;5;5,723763;0,000006;B/op;true;1448;FastUtil;true
org.kblees.hashtable.primitive.IntSetAddBenchmark.add:·gc.alloc.rate.norm;avgt;1;5;11,37018;0,000025;B/op;true;1448;Koloboke;true
org.kblees.hashtable.primitive.IntSetAddBenchmark.add:·gc.alloc.rate.norm;avgt;1;5;5,707189;0,000014;B/op;true;1448;OpenLinearFibonacci;true
org.kblees.hashtable.primitive.IntSetAddBenchmark.add:·gc.alloc.rate.norm;avgt;1;5;5,712714;0,000007;B/op;true;1448;OpenLinearMixModulo;true
org.kblees.hashtable.primitive.IntSetAddBenchmark.add:·gc.alloc.rate.norm;avgt;1;5;5,707191;0,000017;B/op;true;1448;RobinHood;true
org.kblees.hashtable.primitive.IntSetAddBenchmark.add:·gc.alloc.rate.norm;avgt;1;5;6,976004;0,000012;B/op;true;1625;SeparateChaining;true
org.kblees.hashtable.primitive.IntSetAddBenchmark.add:·gc.alloc.rate.norm;avgt;1;5;10,15635;0,000124;B/op;true;1625;LockFree;true
org.kblees.hashtable.primitive.IntSetAddBenchmark.add:·gc.alloc.rate.norm;avgt;1;5;10,141547;0,000016;B/op;true;1625;FastUtil;true
org.kblees.hashtable.primitive.IntSetAddBenchmark.add:·gc.alloc.rate.norm;avgt;1;5;10,131702;0,000028;B/op;true;1625;Koloboke;true
org.kblees.hashtable.primitive.IntSetAddBenchmark.add:·gc.alloc.rate.norm;avgt;1;5;10,126782;0,000015;B/op;true;1625;OpenLinearFibonacci;true
org.kblees.hashtable.primitive.IntSetAddBenchmark.add:·gc.alloc.rate.norm;avgt;1;5;10,131702;0,000029;B/op;true;1625;OpenLinearMixModulo;true
org.kblees.hashtable.primitive.IntSetAddBenchmark.add:·gc.alloc.rate.norm;avgt;1;5;10,126779;0,000016;B/op;true;1625;RobinHood;true
org.kblees.hashtable.primitive.IntSetAddBenchmark.add:·gc.alloc.rate.norm;avgt;1;5;6,211513;0,000012;B/op;true;1825;SeparateChaining;true
org.kblees.hashtable.primitive.IntSetAddBenchmark.add:·gc.alloc.rate.norm;avgt;1;5;9,043337;0,000159;B/op;true;1825;LockFree;true
org.kblees.hashtable.primitive.IntSetAddBenchmark.add:·gc.alloc.rate.norm;avgt;1;5;9,030146;0,000013;B/op;true;1825;FastUtil;true
org.kblees.hashtable.primitive.IntSetAddBenchmark.add:·gc.alloc.rate.norm;avgt;1;5;9,02138;0,00003;B/op;true;1825;Koloboke;true
org.kblees.hashtable.primitive.IntSetAddBenchmark.add:·gc.alloc.rate.norm;avgt;1;5;9,016998;0,000014;B/op;true;1825;OpenLinearFibonacci;true
org.kblees.hashtable.primitive.IntSetAddBenchmark.add:·gc.alloc.rate.norm;avgt;1;5;9,021377;0,000026;B/op;true;1825;OpenLinearMixModulo;true
org.kblees.hashtable.primitive.IntSetAddBenchmark.add:·gc.alloc.rate.norm;avgt;1;5;9,016995;0,000015;B/op;true;1825;RobinHood;true
org.kblees.hashtable.primitive.IntSetAddBenchmark.add:·gc.alloc.rate.norm;avgt;1;5;5,535164;0,000008;B/op;true;2048;SeparateChaining;true
org.kblees.hashtable.primitive.IntSetAddBenchmark.add:·gc.alloc.rate.norm;avgt;1;5;16,05875;0,000131;B/op;true;2048;LockFree;true
org.kblees.hashtable.primitive.IntSetAddBenchmark.add:·gc.alloc.rate.norm;avgt;1;5;8,046885;0,000015;B/op;true;2048;FastUtil;true
org.kblees.hashtable.primitive.IntSetAddBenchmark.add:·gc.alloc.rate.norm;avgt;1;5;8,039076;0,000023;B/op;true;2048;Koloboke;true
org.kblees.hashtable.primitive.IntSetAddBenchmark.add:·gc.alloc.rate.norm;avgt;1;5;8,035166;0,000013;B/op;true;2048;OpenLinearFibonacci;true
org.kblees.hashtable.primitive.IntSetAddBenchmark.add:·gc.alloc.rate.norm;avgt;1;5;8,039075;0,000018;B/op;true;2048;OpenLinearMixModulo;true
org.kblees.hashtable.primitive.IntSetAddBenchmark.add:·gc.alloc.rate.norm;avgt;1;5;8,03517;0,000021;B/op;true;2048;RobinHood;true
org.kblees.hashtable.primitive.IntSetAddBenchmark.add:·gc.alloc.rate.norm;avgt;1;5;9,830375;0,000009;B/op;true;2299;SeparateChaining;true
org.kblees.hashtable.primitive.IntSetAddBenchmark.add:·gc.alloc.rate.norm;avgt;1;5;14,305474;0,000108;B/op;true;2299;LockFree;true
org.kblees.hashtable.primitive.IntSetAddBenchmark.add:·gc.alloc.rate.norm;avgt;1;5;7,168346;0,000019;B/op;true;2299;FastUtil;true
org.kblees.hashtable.primitive.IntSetAddBenchmark.add:·gc.alloc.rate.norm;avgt;1;5;7,16139;0,000017;B/op;true;2299;Koloboke;true
org.kblees.hashtable.primitive.IntSetAddBenchmark.add:·gc.alloc.rate.norm;avgt;1;5;7,157909;0,000015;B/op;true;2299;OpenLinearFibonacci;true
org.kblees.hashtable.primitive.IntSetAddBenchmark.add:·gc.alloc.rate.norm;avgt;1;5;7,161392;0,00002;B/op;true;2299;OpenLinearMixModulo;true
org.kblees.hashtable.primitive.IntSetAddBenchmark.add:·gc.alloc.rate.norm;avgt;1;5;7,157911;0,000017;B/op;true;2299;RobinHood;true
org.kblees.hashtable.primitive.IntSetAddBenchmark.add:·gc.alloc.rate.norm;avgt;1;5;8,759703;0,000025;B/op;true;2580;SeparateChaining;true
org.kblees.hashtable.primitive.IntSetAddBenchmark.add:·gc.alloc.rate.norm;avgt;1;5;12,747436;0,000179;B/op;true;2580;LockFree;true
org.kblees.hashtable.primitive.IntSetAddBenchmark.add:·gc.alloc.rate.norm;avgt;1;5;6,387607;0,000012;B/op;true;2580;FastUtil;true
org.kblees.hashtable.primitive.IntSetAddBenchmark.add:·gc.alloc.rate.norm;avgt;1;5;6,381411;0,000019;B/op;true;2580;Koloboke;true
org.kblees.hashtable.primitive.IntSetAddBenchmark.add:·gc.alloc.rate.norm;avgt;1;5;6,378306;0,000024;B/op;true;2580;OpenLinearFibonacci;true
org.kblees.hashtable.primitive.IntSetAddBenchmark.add:·gc.alloc.rate.norm;avgt;1;5;6,381411;0,00003;B/op;true;2580;OpenLinearMixModulo;true
org.kblees.hashtable.primitive.IntSetAddBenchmark.add:·gc.alloc.rate.norm;avgt;1;5;6,378312;0,00002;B/op;true;2580;RobinHood;true
org.kblees.hashtable.primitive.IntSetAddBenchmark.add:·gc.alloc.rate.norm;avgt;1;5;7,803878;0,000016;B/op;true;2896;SeparateChaining;true
org.kblees.hashtable.primitive.IntSetAddBenchmark.add:·gc.alloc.rate.norm;avgt;1;5;11,356473;0,000124;B/op;true;2896;LockFree;true
org.kblees.hashtable.primitive.IntSetAddBenchmark.add:·gc.alloc.rate.norm;avgt;1;5;5,690618;0,000017;B/op;true;2896;FastUtil;true
org.kblees.hashtable.primitive.IntSetAddBenchmark.add:·gc.alloc.rate.norm;avgt;1;5;11,342568;0,000038;B/op;true;2896;Koloboke;true
org.kblees.hashtable.primitive.IntSetAddBenchmark.add:·gc.alloc.rate.norm;avgt;1;5;5,682334;0,000014;B/op;true;2896;OpenLinearFibonacci;true
org.kblees.hashtable.primitive.IntSetAddBenchmark.add:·gc.alloc.rate.norm;avgt;1;5;5,685101;0,000031;B/op;true;2896;OpenLinearMixModulo;true
org.kblees.hashtable.primitive.IntSetAddBenchmark.add:·gc.alloc.rate.norm;avgt;1;5;5,682335;0,000023;B/op;true;2896;RobinHood;true
org.kblees.hashtable.primitive.IntSetAddBenchmark.add:·gc.alloc.rate.norm;avgt;1;5;6,95172;0,000035;B/op;true;3251;SeparateChaining;true
org.kblees.hashtable.primitive.IntSetAddBenchmark.add:·gc.alloc.rate.norm;avgt;1;5;10,116429;0,000208;B/op;true;3251;LockFree;true
org.kblees.hashtable.primitive.IntSetAddBenchmark.add:·gc.alloc.rate.norm;avgt;1;5;10,108911;0,00004;B/op;true;3251;FastUtil;true
org.kblees.hashtable.primitive.IntSetAddBenchmark.add:·gc.alloc.rate.norm;avgt;1;5;10,104;0,000047;B/op;true;3251;Koloboke;true
org.kblees.hashtable.primitive.IntSetAddBenchmark.add:·gc.alloc.rate.norm;avgt;1;5;10,101527;0,00003;B/op;true;3251;OpenLinearFibonacci;true
org.kblees.hashtable.primitive.IntSetAddBenchmark.add:·gc.alloc.rate.norm;avgt;1;5;10,103991;0,000049;B/op;true;3251;OpenLinearMixModulo;true
org.kblees.hashtable.primitive.IntSetAddBenchmark.add:·gc.alloc.rate.norm;avgt;1;5;10,101527;0,000043;B/op;true;3251;RobinHood;true
org.kblees.hashtable.primitive.IntSetAddBenchmark.add:·gc.alloc.rate.norm;avgt;1;5;6,193495;0,000022;B/op;true;3649;SeparateChaining;true
org.kblees.hashtable.primitive.IntSetAddBenchmark.add:·gc.alloc.rate.norm;avgt;1;5;9,012995;0,000152;B/op;true;3649;LockFree;true
org.kblees.hashtable.primitive.IntSetAddBenchmark.add:·gc.alloc.rate.norm;avgt;1;5;9,00633;0,000034;B/op;true;3649;FastUtil;true
org.kblees.hashtable.primitive.IntSetAddBenchmark.add:·gc.alloc.rate.norm;avgt;1;5;9,001955;0,000041;B/op;true;3649;Koloboke;true
org.kblees.hashtable.primitive.IntSetAddBenchmark.add:·gc.alloc.rate.norm;avgt;1;5;8,999754;0,000031;B/op;true;3649;OpenLinearFibonacci;true
org.kblees.hashtable.primitive.IntSetAddBenchmark.add:·gc.alloc.rate.norm;avgt;1;5;9,001955;0,000038;B/op;true;3649;OpenLinearMixModulo;true
org.kblees.hashtable.primitive.IntSetAddBenchmark.add:·gc.alloc.rate.norm;avgt;1;5;8,999753;0,000048;B/op;true;3649;RobinHood;true
org.kblees.hashtable.primitive.IntSetAddBenchmark.add:·gc.alloc.rate.norm;avgt;1;5;5,517591;0,000011;B/op;true;4096;SeparateChaining;true
org.kblees.hashtable.primitive.IntSetAddBenchmark.add:·gc.alloc.rate.norm;avgt;1;5;16,029514;0,00048;B/op;true;4096;LockFree;true
org.kblees.hashtable.primitive.IntSetAddBenchmark.add:·gc.alloc.rate.norm;avgt;1;5;8,023461;0,000056;B/op;true;4096;FastUtil;true
org.kblees.hashtable.primitive.IntSetAddBenchmark.add:·gc.alloc.rate.norm;avgt;1;5;8,019561;0,000043;B/op;true;4096;Koloboke;true
org.kblees.hashtable.primitive.IntSetAddBenchmark.add:·gc.alloc.rate.norm;avgt;1;5;8,017604;0,000025;B/op;true;4096;OpenLinearFibonacci;true
org.kblees.hashtable.primitive.IntSetAddBenchmark.add:·gc.alloc.rate.norm;avgt;1;5;8,019563;0,000024;B/op;true;4096;OpenLinearMixModulo;true
org.kblees.hashtable.primitive.IntSetAddBenchmark.add:·gc.alloc.rate.norm;avgt;1;5;8,017594;0,000033;B/op;true;4096;RobinHood;true
org.kblees.hashtable.primitive.IntSetAddBenchmark.add:·gc.alloc.rate.norm;avgt;1;5;9,814728;0,000028;B/op;true;4598;SeparateChaining;true
org.kblees.hashtable.primitive.IntSetAddBenchmark.add:·gc.alloc.rate.norm;avgt;1;5;14,279478;0,000187;B/op;true;4598;LockFree;true
org.kblees.hashtable.primitive.IntSetAddBenchmark.add:·gc.alloc.rate.norm;avgt;1;5;7,147486;0,000031;B/op;true;4598;FastUtil;true
org.kblees.hashtable.primitive.IntSetAddBenchmark.add:·gc.alloc.rate.norm;avgt;1;5;7,144002;0,000058;B/op;true;4598;Koloboke;true
org.kblees.hashtable.primitive.IntSetAddBenchmark.add:·gc.alloc.rate.norm;avgt;1;5;7,14226;0,000047;B/op;true;4598;OpenLinearFibonacci;true
org.kblees.hashtable.primitive.IntSetAddBenchmark.add:·gc.alloc.rate.norm;avgt;1;5;7,144008;0,000077;B/op;true;4598;OpenLinearMixModulo;true
org.kblees.hashtable.primitive.IntSetAddBenchmark.add:·gc.alloc.rate.norm;avgt;1;5;7,142251;0,000029;B/op;true;4598;RobinHood;true
org.kblees.hashtable.primitive.IntSetAddBenchmark.add:·gc.alloc.rate.norm;avgt;1;5;8,744062;0,000044;B/op;true;5161;SeparateChaining;true
org.kblees.hashtable.primitive.IntSetAddBenchmark.add:·gc.alloc.rate.norm;avgt;1;5;12,721809;0,000365;B/op;true;5161;LockFree;true
org.kblees.hashtable.primitive.IntSetAddBenchmark.add:·gc.alloc.rate.norm;avgt;1;5;6,367783;0,00004;B/op;true;5161;FastUtil;true
org.kblees.hashtable.primitive.IntSetAddBenchmark.add:·gc.alloc.rate.norm;avgt;1;5;6,364689;0,000071;B/op;true;5161;Koloboke;true
org.kblees.hashtable.primitive.IntSetAddBenchmark.add:·gc.alloc.rate.norm;avgt;1;5;6,363125;0,000029;B/op;true;5161;OpenLinearFibonacci;true
org.kblees.hashtable.primitive.IntSetAddBenchmark.add:·gc.alloc.rate.norm;avgt;1;5;6,364691;0,000065;B/op;true;5161;OpenLinearMixModulo;true
org.kblees.hashtable.primitive.IntSetAddBenchmark.add:·gc.alloc.rate.norm;avgt;1;5;6,363125;0,000042;B/op;true;5161;RobinHood;true
org.kblees.hashtable.primitive.IntSetAddBenchmark.add:·gc.alloc.rate.norm;avgt;1;5;7,790118;0,000048;B/op;true;5793;SeparateChaining;true
org.kblees.hashtable.primitive.IntSetAddBenchmark.add:·gc.alloc.rate.norm;avgt;1;5;11,333958;0,000331;B/op;true;5793;LockFree;true
org.kblees.hashtable.primitive.IntSetAddBenchmark.add:·gc.alloc.rate.norm;avgt;1;5;5,673088;0,000049;B/op;true;5793;FastUtil;true
org.kblees.hashtable.primitive.IntSetAddBenchmark.add:·gc.alloc.rate.norm;avgt;1;5;11,326835;0,000093;B/op;true;5793;Koloboke;true
org.kblees.hashtable.primitive.IntSetAddBenchmark.add:·gc.alloc.rate.norm;avgt;1;5;5,668932;0,000043;B/op;true;5793;OpenLinearFibonacci;true
org.kblees.hashtable.primitive.IntSetAddBenchmark.add:·gc.alloc.rate.norm;avgt;1;5;5,670327;0,000046;B/op;true;5793;OpenLinearMixModulo;true
org.kblees.hashtable.primitive.IntSetAddBenchmark.add:·gc.alloc.rate.norm;avgt;1;5;5,668931;0,000055;B/op;true;5793;RobinHood;true
org.kblees.hashtable.primitive.IntSetAddBenchmark.add:·gc.alloc.rate.norm;avgt;1;5;6,940662;0,000044;B/op;true;6502;SeparateChaining;true
org.kblees.hashtable.primitive.IntSetAddBenchmark.add:·gc.alloc.rate.norm;avgt;1;5;10,098129;0,000454;B/op;true;6502;LockFree;true
org.kblees.hashtable.primitive.IntSetAddBenchmark.add:·gc.alloc.rate.norm;avgt;1;5;10,094183;0,000068;B/op;true;6502;FastUtil;true
org.kblees.hashtable.primitive.IntSetAddBenchmark.add:·gc.alloc.rate.norm;avgt;1;5;10,09173;0,000108;B/op;true;6502;Koloboke;true
org.kblees.hashtable.primitive.IntSetAddBenchmark.add:·gc.alloc.rate.norm;avgt;1;5;10,090494;0,000064;B/op;true;6502;OpenLinearFibonacci;true
org.kblees.hashtable.primitive.IntSetAddBenchmark.add:·gc.alloc.rate.norm;avgt;1;5;10,091728;0,000077;B/op;true;6502;OpenLinearMixModulo;true
org.kblees.hashtable.primitive.IntSetAddBenchmark.add:·gc.alloc.rate.norm;avgt;1;5;10,090485;0,000039;B/op;true;6502;RobinHood;true
org.kblees.hashtable.primitive.IntSetAddBenchmark.add:·gc.alloc.rate.norm;avgt;1;5;6,183641;0,00004;B/op;true;7298;SeparateChaining;true
org.kblees.hashtable.primitive.IntSetAddBenchmark.add:·gc.alloc.rate.norm;avgt;1;5;8,996769;0,000321;B/op;true;7298;LockFree;true
org.kblees.hashtable.primitive.IntSetAddBenchmark.add:·gc.alloc.rate.norm;avgt;1;5;8,993203;0,000125;B/op;true;7298;FastUtil;true
org.kblees.hashtable.primitive.IntSetAddBenchmark.add:·gc.alloc.rate.norm;avgt;1;5;8,991025;0,000121;B/op;true;7298;Koloboke;true
org.kblees.hashtable.primitive.IntSetAddBenchmark.add:·gc.alloc.rate.norm;avgt;1;5;8,989917;0,00009;B/op;true;7298;OpenLinearFibonacci;true
org.kblees.hashtable.primitive.IntSetAddBenchmark.add:·gc.alloc.rate.norm;avgt;1;5;8,991022;0,00005;B/op;true;7298;OpenLinearMixModulo;true
org.kblees.hashtable.primitive.IntSetAddBenchmark.add:·gc.alloc.rate.norm;avgt;1;5;8,98991;0,000075;B/op;true;7298;RobinHood;true
org.kblees.hashtable.primitive.IntSetAddBenchmark.add:·gc.alloc.rate.norm;avgt;1;5;5,508815;0,000027;B/op;true;8192;SeparateChaining;true
org.kblees.hashtable.primitive.IntSetAddBenchmark.add:·gc.alloc.rate.norm;avgt;1;5;16,015222;0,000623;B/op;true;8192;LockFree;true
org.kblees.hashtable.primitive.IntSetAddBenchmark.add:·gc.alloc.rate.norm;avgt;1;5;8,011776;0,000129;B/op;true;8192;FastUtil;true
org.kblees.hashtable.primitive.IntSetAddBenchmark.add:·gc.alloc.rate.norm;avgt;1;5;8,009856;0,000036;B/op;true;8192;Koloboke;true
org.kblees.hashtable.primitive.IntSetAddBenchmark.add:·gc.alloc.rate.norm;avgt;1;5;8,008837;0,000087;B/op;true;8192;OpenLinearFibonacci;true
org.kblees.hashtable.primitive.IntSetAddBenchmark.add:·gc.alloc.rate.norm;avgt;1;5;8,009833;0,000123;B/op;true;8192;OpenLinearMixModulo;true
org.kblees.hashtable.primitive.IntSetAddBenchmark.add:·gc.alloc.rate.norm;avgt;1;5;8,008837;0,00006;B/op;true;8192;RobinHood;true
org.kblees.hashtable.primitive.IntSetAddBenchmark.add:·gc.alloc.rate.norm;avgt;1;5;9,807998;0,000058;B/op;true;9195;SeparateChaining;true
org.kblees.hashtable.primitive.IntSetAddBenchmark.add:·gc.alloc.rate.norm;avgt;1;5;14,268265;0,000856;B/op;true;9195;LockFree;true
org.kblees.hashtable.primitive.IntSetAddBenchmark.add:·gc.alloc.rate.norm;avgt;1;5;7,137858;0,000071;B/op;true;9195;FastUtil;true
org.kblees.hashtable.primitive.IntSetAddBenchmark.add:·gc.alloc.rate.norm;avgt;1;5;7,136137;0,000152;B/op;true;9195;Koloboke;true
org.kblees.hashtable.primitive.IntSetAddBenchmark.add:·gc.alloc.rate.norm;avgt;1;5;7,135221;0,000077;B/op;true;9195;OpenLinearFibonacci;true
org.kblees.hashtable.primitive.IntSetAddBenchmark.add:·gc.alloc.rate.norm;avgt;1;5;7,136139;0,000093;B/op;true;9195;OpenLinearMixModulo;true
org.kblees.hashtable.primitive.IntSetAddBenchmark.add:·gc.alloc.rate.norm;avgt;1;5;7,135227;0,000112;B/op;true;9195;RobinHood;true
org.kblees.hashtable.primitive.IntSetAddBenchmark.add:·gc.alloc.rate.norm;avgt;1;5;8,737959;0,000066;B/op;true;10321;SeparateChaining;true
org.kblees.hashtable.primitive.IntSetAddBenchmark.add:·gc.alloc.rate.norm;avgt;1;5;12,711707;0,000919;B/op;true;10321;LockFree;true
org.kblees.hashtable.primitive.IntSetAddBenchmark.add:·gc.alloc.rate.norm;avgt;1;5;6,359135;0,000086;B/op;true;10321;FastUtil;true
org.kblees.hashtable.primitive.IntSetAddBenchmark.add:·gc.alloc.rate.norm;avgt;1;5;6,357596;0,000133;B/op;true;10321;Koloboke;true
org.kblees.hashtable.primitive.IntSetAddBenchmark.add:·gc.alloc.rate.norm;avgt;1;5;6,356801;0,000058;B/op;true;10321;OpenLinearFibonacci;true
org.kblees.hashtable.primitive.IntSetAddBenchmark.add:·gc.alloc.rate.norm;avgt;1;5;6,357626;0,00012;B/op;true;10321;OpenLinearMixModulo;true
org.kblees.hashtable.primitive.IntSetAddBenchmark.add:·gc.alloc.rate.norm;avgt;1;5;6,356803;0,000055;B/op;true;10321;RobinHood;true
org.kblees.hashtable.primitive.IntSetAddBenchmark.add:·gc.alloc.rate.norm;avgt;1;5;7,784602;0,00009;B/op;true;11585;SeparateChaining;true
org.kblees.hashtable.primitive.IntSetAddBenchmark.add:·gc.alloc.rate.norm;avgt;1;5;11,324653;0,000213;B/op;true;11585;LockFree;true
org.kblees.hashtable.primitive.IntSetAddBenchmark.add:·gc.alloc.rate.norm;avgt;1;5;5,665327;0,000038;B/op;true;11585;FastUtil;true
org.kblees.hashtable.primitive.IntSetAddBenchmark.add:·gc.alloc.rate.norm;avgt;1;5;11,320956;0,000209;B/op;true;11585;Koloboke;true
org.kblees.hashtable.primitive.IntSetAddBenchmark.add:·gc.alloc.rate.norm;avgt;1;5;5,663223;0,00004;B/op;true;11585;OpenLinearFibonacci;true
org.kblees.hashtable.primitive.IntSetAddBenchmark.add:·gc.alloc.rate.norm;avgt;1;5;5,663942;0,000156;B/op;true;11585;OpenLinearMixModulo;true
org.kblees.hashtable.primitive.IntSetAddBenchmark.add:·gc.alloc.rate.norm;avgt;1;5;5,663226;0,000038;B/op;true;11585;RobinHood;true
org.kblees.hashtable.primitive.IntSetAddBenchmark.add:·gc.alloc.rate.norm;avgt;1;5;6,935151;0,00004;B/op;true;13004;SeparateChaining;true
org.kblees.hashtable.primitive.IntSetAddBenchmark.add:·gc.alloc.rate.norm;avgt;1;5;10,088858;0,000474;B/op;true;13004;LockFree;true
org.kblees.hashtable.primitive.IntSetAddBenchmark.add:·gc.alloc.rate.norm;avgt;1;5;10,086821;0,000163;B/op;true;13004;FastUtil;true
org.kblees.hashtable.primitive.IntSetAddBenchmark.add:·gc.alloc.rate.norm;avgt;1;5;10,085639;0,000246;B/op;true;13004;Koloboke;true
org.kblees.hashtable.primitive.IntSetAddBenchmark.add:·gc.alloc.rate.norm;avgt;1;5;10,084975;0,000125;B/op;true;13004;OpenLinearFibonacci;true
org.kblees.hashtable.primitive.IntSetAddBenchmark.add:·gc.alloc.rate.norm;avgt;1;5;10,08565;0,000298;B/op;true;13004;OpenLinearMixModulo;true
org.kblees.hashtable.primitive.IntSetAddBenchmark.add:·gc.alloc.rate.norm;avgt;1;5;10,084971;0,000164;B/op;true;13004;RobinHood;true
org.kblees.hashtable.primitive.IntSetAddBenchmark.add:·gc.alloc.rate.norm;avgt;1;5;6,178725;0,000078;B/op;true;14596;SeparateChaining;true
org.kblees.hashtable.primitive.IntSetAddBenchmark.add:·gc.alloc.rate.norm;avgt;1;5;8,988727;0,000734;B/op;true;14596;LockFree;true
org.kblees.hashtable.primitive.IntSetAddBenchmark.add:·gc.alloc.rate.norm;avgt;1;5;8,986674;0,000125;B/op;true;14596;FastUtil;true
org.kblees.hashtable.primitive.IntSetAddBenchmark.add:·gc.alloc.rate.norm;avgt;1;5;8,985622;0,000143;B/op;true;14596;Koloboke;true
org.kblees.hashtable.primitive.IntSetAddBenchmark.add:·gc.alloc.rate.norm;avgt;1;5;8,985005;0,000092;B/op;true;14596;OpenLinearFibonacci;true
org.kblees.hashtable.primitive.IntSetAddBenchmark.add:·gc.alloc.rate.norm;avgt;1;5;8,985625;0,000148;B/op;true;14596;OpenLinearMixModulo;true
org.kblees.hashtable.primitive.IntSetAddBenchmark.add:·gc.alloc.rate.norm;avgt;1;5;8,984984;0,000142;B/op;true;14596;RobinHood;true
org.kblees.hashtable.primitive.IntSetAddBenchmark.add:·gc.alloc.rate.norm;avgt;1;5;5,504439;0,000092;B/op;true;16384;SeparateChaining;true
org.kblees.hashtable.primitive.IntSetAddBenchmark.add:·gc.alloc.rate.norm;avgt;1;5;16,008354;0,001393;B/op;true;16384;LockFree;true
org.kblees.hashtable.primitive.IntSetAddBenchmark.add:·gc.alloc.rate.norm;avgt;1;5;8,006011;0,000215;B/op;true;16384;FastUtil;true
org.kblees.hashtable.primitive.IntSetAddBenchmark.add:·gc.alloc.rate.norm;avgt;1;5;8,00504;0,000302;B/op;true;16384;Koloboke;true
org.kblees.hashtable.primitive.IntSetAddBenchmark.add:·gc.alloc.rate.norm;avgt;1;5;8,004488;0,000206;B/op;true;16384;OpenLinearFibonacci;true
org.kblees.hashtable.primitive.IntSetAddBenchmark.add:·gc.alloc.rate.norm;avgt;1;5;8,005022;0,000292;B/op;true;16384;OpenLinearMixModulo;true
org.kblees.hashtable.primitive.IntSetAddBenchmark.add:·gc.alloc.rate.norm;avgt;1;5;8,004503;0,00011;B/op;true;16384;RobinHood;true
org.kblees.hashtable.primitive.IntSetAddBenchmark.add:·gc.alloc.rate.norm;avgt;1;5;5,50785;0,016972;B/op;true;1024k;SeparateChaining;true
org.kblees.hashtable.primitive.IntSetAddBenchmark.add:·gc.alloc.rate.norm;avgt;1;5;16,165644;0,368254;B/op;true;1024k;LockFree;true
org.kblees.hashtable.primitive.IntSetAddBenchmark.add:·gc.alloc.rate.norm;avgt;1;5;8,020409;0,019674;B/op;true;1024k;FastUtil;true
org.kblees.hashtable.primitive.IntSetAddBenchmark.add:·gc.alloc.rate.norm;avgt;1;5;8,020408;0,015458;B/op;true;1024k;Koloboke;true
org.kblees.hashtable.primitive.IntSetAddBenchmark.add:·gc.alloc.rate.norm;avgt;1;5;8,021186;0,02493;B/op;true;1024k;OpenLinearFibonacci;true
org.kblees.hashtable.primitive.IntSetAddBenchmark.add:·gc.alloc.rate.norm;avgt;1;5;8,017156;0,027184;B/op;true;1024k;OpenLinearMixModulo;true
org.kblees.hashtable.primitive.IntSetAddBenchmark.add:·gc.alloc.rate.norm;avgt;1;5;8,021031;0,008784;B/op;true;1024k;RobinHood;true
org.kblees.hashtable.primitive.IntSetAddBenchmark.add:·gc.alloc.rate.norm;avgt;1;5;9,830802;0,05257;B/op;true;1149k;SeparateChaining;true
org.kblees.hashtable.primitive.IntSetAddBenchmark.add:·gc.alloc.rate.norm;avgt;1;5;14,413936;0,3557;B/op;true;1149k;LockFree;true
org.kblees.hashtable.primitive.IntSetAddBenchmark.add:·gc.alloc.rate.norm;avgt;1;5;7,150395;0,031591;B/op;true;1149k;FastUtil;true
org.kblees.hashtable.primitive.IntSetAddBenchmark.add:·gc.alloc.rate.norm;avgt;1;5;7,141634;0,010581;B/op;true;1149k;Koloboke;true
org.kblees.hashtable.primitive.IntSetAddBenchmark.add:·gc.alloc.rate.norm;avgt;1;5;7,152392;0,015259;B/op;true;1149k;OpenLinearFibonacci;true
org.kblees.hashtable.primitive.IntSetAddBenchmark.add:·gc.alloc.rate.norm;avgt;1;5;7,143309;0,014677;B/op;true;1149k;OpenLinearMixModulo;true
org.kblees.hashtable.primitive.IntSetAddBenchmark.add:·gc.alloc.rate.norm;avgt;1;5;7,143468;0,019563;B/op;true;1149k;RobinHood;true
org.kblees.hashtable.primitive.IntSetAddBenchmark.add:·gc.alloc.rate.norm;avgt;1;5;8,752448;0,041638;B/op;true;1290k;SeparateChaining;true
org.kblees.hashtable.primitive.IntSetAddBenchmark.add:·gc.alloc.rate.norm;avgt;1;5;12,810751;0,292132;B/op;true;1290k;LockFree;true
org.kblees.hashtable.primitive.IntSetAddBenchmark.add:·gc.alloc.rate.norm;avgt;1;5;6,369321;0,026372;B/op;true;1290k;FastUtil;true
org.kblees.hashtable.primitive.IntSetAddBenchmark.add:·gc.alloc.rate.norm;avgt;1;5;6,366968;0,027443;B/op;true;1290k;Koloboke;true
org.kblees.hashtable.primitive.IntSetAddBenchmark.add:·gc.alloc.rate.norm;avgt;1;5;6,366807;0,040224;B/op;true;1290k;OpenLinearFibonacci;true
org.kblees.hashtable.primitive.IntSetAddBenchmark.add:·gc.alloc.rate.norm;avgt;1;5;6,370326;0,051855;B/op;true;1290k;OpenLinearMixModulo;true
org.kblees.hashtable.primitive.IntSetAddBenchmark.add:·gc.alloc.rate.norm;avgt;1;5;6,369658;0,042148;B/op;true;1290k;RobinHood;true
org.kblees.hashtable.primitive.IntSetAddBenchmark.add:·gc.alloc.rate.norm;avgt;1;5;7,800412;0,028879;B/op;true;1448k;SeparateChaining;true
org.kblees.hashtable.primitive.IntSetAddBenchmark.add:·gc.alloc.rate.norm;avgt;1;5;11,472979;0,209921;B/op;true;1448k;LockFree;true
org.kblees.hashtable.primitive.IntSetAddBenchmark.add:·gc.alloc.rate.norm;avgt;1;5;5,678988;0,013932;B/op;true;1448k;FastUtil;true
org.kblees.hashtable.primitive.IntSetAddBenchmark.add:·gc.alloc.rate.norm;avgt;1;5;11,392485;0,081138;B/op;true;1448k;Koloboke;true
org.kblees.hashtable.primitive.IntSetAddBenchmark.add:·gc.alloc.rate.norm;avgt;1;5;5,677705;0,026474;B/op;true;1448k;OpenLinearFibonacci;true
org.kblees.hashtable.primitive.IntSetAddBenchmark.add:·gc.alloc.rate.norm;avgt;1;5;5,677249;0,024016;B/op;true;1448k;OpenLinearMixModulo;true
org.kblees.hashtable.primitive.IntSetAddBenchmark.add:·gc.alloc.rate.norm;avgt;1;5;5,681818;0,033637;B/op;true;1448k;RobinHood;true
org.kblees.hashtable.primitive.IntSetAddBenchmark.add:·gc.alloc.rate.norm;avgt;1;5;6,95126;0,03978;B/op;true;1625k;SeparateChaining;true
org.kblees.hashtable.primitive.IntSetAddBenchmark.add:·gc.alloc.rate.norm;avgt;1;5;10,222449;0,380541;B/op;true;1625k;LockFree;true
org.kblees.hashtable.primitive.IntSetAddBenchmark.add:·gc.alloc.rate.norm;avgt;1;5;10,133081;0,093906;B/op;true;1625k;FastUtil;true
org.kblees.hashtable.primitive.IntSetAddBenchmark.add:·gc.alloc.rate.norm;avgt;1;5;10,134552;0,094052;B/op;true;1625k;Koloboke;true
org.kblees.hashtable.primitive.IntSetAddBenchmark.add:·gc.alloc.rate.norm;avgt;1;5;10,141692;0,052877;B/op;true;1625k;OpenLinearFibonacci;true
org.kblees.hashtable.primitive.IntSetAddBenchmark.add:·gc.alloc.rate.norm;avgt;1;5;10,128711;0,064232;B/op;true;1625k;OpenLinearMixModulo;true
org.kblees.hashtable.primitive.IntSetAddBenchmark.add:·gc.alloc.rate.norm;avgt;1;5;10,154205;0,085755;B/op;true;1625k;RobinHood;true
org.kblees.hashtable.primitive.IntSetAddBenchmark.add:·gc.alloc.rate.norm;avgt;1;5;6,190861;0,031293;B/op;true;1825k;SeparateChaining;true
org.kblees.hashtable.primitive.IntSetAddBenchmark.add:·gc.alloc.rate.norm;avgt;1;5;9,143077;0,456657;B/op;true;1825k;LockFree;true
org.kblees.hashtable.primitive.IntSetAddBenchmark.add:·gc.alloc.rate.norm;avgt;1;5;9,048793;0,112797;B/op;true;1825k;FastUtil;true
org.kblees.hashtable.primitive.IntSetAddBenchmark.add:·gc.alloc.rate.norm;avgt;1;5;9,022406;0,110072;B/op;true;1825k;Koloboke;true
org.kblees.hashtable.primitive.IntSetAddBenchmark.add:·gc.alloc.rate.norm;avgt;1;5;9,038288;0,087523;B/op;true;1825k;OpenLinearFibonacci;true
org.kblees.hashtable.primitive.IntSetAddBenchmark.add:·gc.alloc.rate.norm;avgt;1;5;9,032429;0,062372;B/op;true;1825k;OpenLinearMixModulo;true
org.kblees.hashtable.primitive.IntSetAddBenchmark.add:·gc.alloc.rate.norm;avgt;1;5;9,050367;0,121788;B/op;true;1825k;RobinHood;true
org.kblees.hashtable.primitive.IntSetAddBenchmark.add:·gc.alloc.rate.norm;avgt;1;5;5,516854;0,033294;B/op;true;2048k;SeparateChaining;true
org.kblees.hashtable.primitive.IntSetAddBenchmark.add:·gc.alloc.rate.norm;avgt;1;5;16,393477;0,17073;B/op;true;2048k;LockFree;true
org.kblees.hashtable.primitive.IntSetAddBenchmark.add:·gc.alloc.rate.norm;avgt;1;5;8,048279;0,116533;B/op;true;2048k;FastUtil;true
org.kblees.hashtable.primitive.IntSetAddBenchmark.add:·gc.alloc.rate.norm;avgt;1;5;8,049408;0,088815;B/op;true;2048k;Koloboke;true
org.kblees.hashtable.primitive.IntSetAddBenchmark.add:·gc.alloc.rate.norm;avgt;1;5;8,049781;0,130028;B/op;true;2048k;OpenLinearFibonacci;true
org.kblees.hashtable.primitive.IntSetAddBenchmark.add:·gc.alloc.rate.norm;avgt;1;5;8,058173;0,090858;B/op;true;2048k;OpenLinearMixModulo;true
org.kblees.hashtable.primitive.IntSetAddBenchmark.add:·gc.alloc.rate.norm;avgt;1;5;8,061583;0,121528;B/op;true;2048k;RobinHood;true
org.kblees.hashtable.primitive.IntSetAddBenchmark.add:·gc.alloc.rate.norm;avgt;1;5;9,865861;0,096865;B/op;true;2299k;SeparateChaining;true
org.kblees.hashtable.primitive.IntSetAddBenchmark.add:·gc.alloc.rate.norm;avgt;1;5;14,57254;0,638919;B/op;true;2299k;LockFree;true
org.kblees.hashtable.primitive.IntSetAddBenchmark.add:·gc.alloc.rate.norm;avgt;1;5;7,188685;0,139928;B/op;true;2299k;FastUtil;true
org.kblees.hashtable.primitive.IntSetAddBenchmark.add:·gc.alloc.rate.norm;avgt;1;5;7,175315;0,135832;B/op;true;2299k;Koloboke;true
org.kblees.hashtable.primitive.IntSetAddBenchmark.add:·gc.alloc.rate.norm;avgt;1;5;7,202753;0,108276;B/op;true;2299k;OpenLinearFibonacci;true
org.kblees.hashtable.primitive.IntSetAddBenchmark.add:·gc.alloc.rate.norm;avgt;1;5;7,182614;0,093404;B/op;true;2299k;OpenLinearMixModulo;true
org.kblees.hashtable.primitive.IntSetAddBenchmark.add:·gc.alloc.rate.norm;avgt;1;5;7,180374;0,14159;B/op;true;2299k;RobinHood;true
org.kblees.hashtable.primitive.IntSetAddBenchmark.add:·gc.alloc.rate.norm;avgt;1;5;8,780287;0,106618;B/op;true;2580k;SeparateChaining;true
org.kblees.hashtable.primitive.IntSetAddBenchmark.add:·gc.alloc.rate.norm;avgt;1;5;13,019806;0,52366;B/op;true;2580k;LockFree;true
org.kblees.hashtable.primitive.IntSetAddBenchmark.add:·gc.alloc.rate.norm;avgt;1;5;6,419992;0,092812;B/op;true;2580k;FastUtil;true
org.kblees.hashtable.primitive.IntSetAddBenchmark.add:·gc.alloc.rate.norm;avgt;1;5;6,418502;0,104873;B/op;true;2580k;Koloboke;true
org.kblees.hashtable.primitive.IntSetAddBenchmark.add:·gc.alloc.rate.norm;avgt;1;5;6,418077;0,11678;B/op;true;2580k;OpenLinearFibonacci;true
org.kblees.hashtable.primitive.IntSetAddBenchmark.add:·gc.alloc.rate.norm;avgt;1;5;6,407698;0,088881;B/op;true;2580k;OpenLinearMixModulo;true
org.kblees.hashtable.primitive.IntSetAddBenchmark.add:·gc.alloc.rate.norm;avgt;1;5;6,416431;0,064169;B/op;true;2580k;RobinHood;true
org.kblees.hashtable.primitive.IntSetAddBenchmark.add:·gc.alloc.rate.norm;avgt;1;5;7,846663;0,076246;B/op;true;2896k;SeparateChaining;true
org.kblees.hashtable.primitive.IntSetAddBenchmark.add:·gc.alloc.rate.norm;avgt;1;5;11,639421;0,162265;B/op;true;2896k;LockFree;true
org.kblees.hashtable.primitive.IntSetAddBenchmark.add:·gc.alloc.rate.norm;avgt;1;5;5,729061;0,070554;B/op;true;2896k;FastUtil;true
org.kblees.hashtable.primitive.IntSetAddBenchmark.add:·gc.alloc.rate.norm;avgt;1;5;11,481457;0,276449;B/op;true;2896k;Koloboke;true
org.kblees.hashtable.primitive.IntSetAddBenchmark.add:·gc.alloc.rate.norm;avgt;1;5;5,731749;0,085048;B/op;true;2896k;OpenLinearFibonacci;true
org.kblees.hashtable.primitive.IntSetAddBenchmark.add:·gc.alloc.rate.norm;avgt;1;5;5,710126;0,063596;B/op;true;2896k;OpenLinearMixModulo;true
org.kblees.hashtable.primitive.IntSetAddBenchmark.add:·gc.alloc.rate.norm;avgt;1;5;5,719429;0,04832;B/op;true;2896k;RobinHood;true
org.kblees.hashtable.primitive.IntSetAddBenchmark.add:·gc.alloc.rate.norm;avgt;1;5;6,985457;0,140219;B/op;true;3251k;SeparateChaining;true
org.kblees.hashtable.primitive.IntSetAddBenchmark.add:·gc.alloc.rate.norm;avgt;1;5;10,39796;0,738942;B/op;true;3251k;LockFree;true
org.kblees.hashtable.primitive.IntSetAddBenchmark.add:·gc.alloc.rate.norm;avgt;1;5;10,192866;0,272764;B/op;true;3251k;FastUtil;true
org.kblees.hashtable.primitive.IntSetAddBenchmark.add:·gc.alloc.rate.norm;avgt;1;5;10,216033;0,1868;B/op;true;3251k;Koloboke;true
org.kblees.hashtable.primitive.IntSetAddBenchmark.add:·gc.alloc.rate.norm;avgt;1;5;10,165197;0,201076;B/op;true;3251k;OpenLinearFibonacci;true
org.kblees.hashtable.primitive.IntSetAddBenchmark.add:·gc.alloc.rate.norm;avgt;1;5;10,192723;0,229835;B/op;true;3251k;OpenLinearMixModulo;true
org.kblees.hashtable.primitive.IntSetAddBenchmark.add:·gc.alloc.rate.norm;avgt;1;5;10,181038;0,246603;B/op;true;3251k;RobinHood;true
org.kblees.hashtable.primitive.IntSetAddBenchmark.add:·gc.alloc.rate.norm;avgt;1;5;6,214777;0,098746;B/op;true;3649k;SeparateChaining;true
org.kblees.hashtable.primitive.IntSetAddBenchmark.add:·gc.alloc.rate.norm;avgt;1;5;9,256891;0,665204;B/op;true;3649k;LockFree;true
org.kblees.hashtable.primitive.IntSetAddBenchmark.add:·gc.alloc.rate.norm;avgt;1;5;9,083241;0,228214;B/op;true;3649k;FastUtil;true
org.kblees.hashtable.primitive.IntSetAddBenchmark.add:·gc.alloc.rate.norm;avgt;1;5;9,070878;0,202353;B/op;true;3649k;Koloboke;true
org.kblees.hashtable.primitive.IntSetAddBenchmark.add:·gc.alloc.rate.norm;avgt;1;5;9,094935;0,249805;B/op;true;3649k;OpenLinearFibonacci;true
org.kblees.hashtable.primitive.IntSetAddBenchmark.add:·gc.alloc.rate.norm;avgt;1;5;9,092626;0,080747;B/op;true;3649k;OpenLinearMixModulo;true
org.kblees.hashtable.primitive.IntSetAddBenchmark.add:·gc.alloc.rate.norm;avgt;1;5;9,12103;0,190225;B/op;true;3649k;RobinHood;true
org.kblees.hashtable.primitive.IntSetAddBenchmark.add:·gc.alloc.rate.norm;avgt;1;5;5,548032;0,057387;B/op;true;4096k;SeparateChaining;true
org.kblees.hashtable.primitive.IntSetAddBenchmark.add:·gc.alloc.rate.norm;avgt;1;5;16,889331;0,278736;B/op;true;4096k;LockFree;true
org.kblees.hashtable.primitive.IntSetAddBenchmark.add:·gc.alloc.rate.norm;avgt;1;5;8,145393;0,259907;B/op;true;4096k;FastUtil;true
org.kblees.hashtable.primitive.IntSetAddBenchmark.add:·gc.alloc.rate.norm;avgt;1;5;8,160167;0,269515;B/op;true;4096k;Koloboke;true
org.kblees.hashtable.primitive.IntSetAddBenchmark.add:·gc.alloc.rate.norm;avgt;1;5;8,128709;0,15288;B/op;true;4096k;OpenLinearFibonacci;true
org.kblees.hashtable.primitive.IntSetAddBenchmark.add:·gc.alloc.rate.norm;avgt;1;5;8,164637;0,243346;B/op;true;4096k;OpenLinearMixModulo;true
org.kblees.hashtable.primitive.IntSetAddBenchmark.add:·gc.alloc.rate.norm;avgt;1;5;8,131944;0,209007;B/op;true;4096k;RobinHood;true
org.kblees.hashtable.primitive.IntSetAddBenchmark.add:·gc.alloc.rate.norm;avgt;1;5;9,927187;0,182495;B/op;true;4598k;SeparateChaining;true
org.kblees.hashtable.primitive.IntSetAddBenchmark.add:·gc.alloc.rate.norm;avgt;1;5;15,006875;1,089448;B/op;true;4598k;LockFree;true
org.kblees.hashtable.primitive.IntSetAddBenchmark.add:·gc.alloc.rate.norm;avgt;1;5;7,292257;0,225481;B/op;true;4598k;FastUtil;true
org.kblees.hashtable.primitive.IntSetAddBenchmark.add:·gc.alloc.rate.norm;avgt;1;5;7,276801;0,055068;B/op;true;4598k;Koloboke;true
org.kblees.hashtable.primitive.IntSetAddBenchmark.add:·gc.alloc.rate.norm;avgt;1;5;7,269308;0,168747;B/op;true;4598k;OpenLinearFibonacci;true
org.kblees.hashtable.primitive.IntSetAddBenchmark.add:·gc.alloc.rate.norm;avgt;1;5;7,260279;0,305577;B/op;true;4598k;OpenLinearMixModulo;true
org.kblees.hashtable.primitive.IntSetAddBenchmark.add:·gc.alloc.rate.norm;avgt;1;5;7,290336;0,068015;B/op;true;4598k;RobinHood;true
org.kblees.hashtable.primitive.IntSetAddBenchmark.add:·gc.alloc.rate.norm;avgt;1;5;8,824164;0,145994;B/op;true;5161k;SeparateChaining;true
org.kblees.hashtable.primitive.IntSetAddBenchmark.add:·gc.alloc.rate.norm;avgt;1;5;13,49943;1,490416;B/op;true;5161k;LockFree;true
org.kblees.hashtable.primitive.IntSetAddBenchmark.add:·gc.alloc.rate.norm;avgt;1;5;6,415415;0,144441;B/op;true;5161k;FastUtil;true
org.kblees.hashtable.primitive.IntSetAddBenchmark.add:·gc.alloc.rate.norm;avgt;1;5;6,453724;0,318156;B/op;true;5161k;Koloboke;true
org.kblees.hashtable.primitive.IntSetAddBenchmark.add:·gc.alloc.rate.norm;avgt;1;5;6,434068;0,28115;B/op;true;5161k;OpenLinearFibonacci;true
org.kblees.hashtable.primitive.IntSetAddBenchmark.add:·gc.alloc.rate.norm;avgt;1;5;6,490362;0,076544;B/op;true;5161k;OpenLinearMixModulo;true
org.kblees.hashtable.primitive.IntSetAddBenchmark.add:·gc.alloc.rate.norm;avgt;1;5;6,477512;0,016855;B/op;true;5161k;RobinHood;true
org.kblees.hashtable.primitive.IntSetAddBenchmark.add:·gc.alloc.rate.norm;avgt;1;5;7,909148;0,200251;B/op;true;5793k;SeparateChaining;true
org.kblees.hashtable.primitive.IntSetAddBenchmark.add:·gc.alloc.rate.norm;avgt;1;5;12,04703;1,249626;B/op;true;5793k;LockFree;true
org.kblees.hashtable.primitive.IntSetAddBenchmark.add:·gc.alloc.rate.norm;avgt;1;5;5,811846;0,293804;B/op;true;5793k;FastUtil;true
org.kblees.hashtable.primitive.IntSetAddBenchmark.add:·gc.alloc.rate.norm;avgt;1;5;11,656762;0,62095;B/op;true;5793k;Koloboke;true
org.kblees.hashtable.primitive.IntSetAddBenchmark.add:·gc.alloc.rate.norm;avgt;1;5;5,802541;0,256258;B/op;true;5793k;OpenLinearFibonacci;true
org.kblees.hashtable.primitive.IntSetAddBenchmark.add:·gc.alloc.rate.norm;avgt;1;5;5,78843;0,249669;B/op;true;5793k;OpenLinearMixModulo;true
org.kblees.hashtable.primitive.IntSetAddBenchmark.add:·gc.alloc.rate.norm;avgt;1;5;5,801312;0,059549;B/op;true;5793k;RobinHood;true
org.kblees.hashtable.primitive.IntSetAddBenchmark.add:·gc.alloc.rate.norm;avgt;1;5;7,046303;0,153923;B/op;true;6502k;SeparateChaining;true
org.kblees.hashtable.primitive.IntSetAddBenchmark.add:·gc.alloc.rate.norm;avgt;1;5;10,819616;1,168145;B/op;true;6502k;LockFree;true
org.kblees.hashtable.primitive.IntSetAddBenchmark.add:·gc.alloc.rate.norm;avgt;1;5;10,369247;0,36913;B/op;true;6502k;FastUtil;true
org.kblees.hashtable.primitive.IntSetAddBenchmark.add:·gc.alloc.rate.norm;avgt;1;5;10,329776;0,383542;B/op;true;6502k;Koloboke;true
org.kblees.hashtable.primitive.IntSetAddBenchmark.add:·gc.alloc.rate.norm;avgt;1;5;10,484867;0,317752;B/op;true;6502k;OpenLinearFibonacci;true
org.kblees.hashtable.primitive.IntSetAddBenchmark.add:·gc.alloc.rate.norm;avgt;1;5;10,401688;0,07141;B/op;true;6502k;OpenLinearMixModulo;true
org.kblees.hashtable.primitive.IntSetAddBenchmark.add:·gc.alloc.rate.norm;avgt;1;5;10,409359;0,098979;B/op;true;6502k;RobinHood;true
org.kblees.hashtable.primitive.IntSetAddBenchmark.add:·gc.alloc.rate.norm;avgt;1;5;6,262995;0,178674;B/op;true;7298k;SeparateChaining;true
org.kblees.hashtable.primitive.IntSetAddBenchmark.add:·gc.alloc.rate.norm;avgt;1;5;9,527913;1,388486;B/op;true;7298k;LockFree;true
org.kblees.hashtable.primitive.IntSetAddBenchmark.add:·gc.alloc.rate.norm;avgt;1;5;9,279496;0,360232;B/op;true;7298k;FastUtil;true
org.kblees.hashtable.primitive.IntSetAddBenchmark.add:·gc.alloc.rate.norm;avgt;1;5;9,264617;0,516752;B/op;true;7298k;Koloboke;true
org.kblees.hashtable.primitive.IntSetAddBenchmark.add:·gc.alloc.rate.norm;avgt;1;5;9,306478;0,085045;B/op;true;7298k;OpenLinearFibonacci;true
org.kblees.hashtable.primitive.IntSetAddBenchmark.add:·gc.alloc.rate.norm;avgt;1;5;9,255912;0,45791;B/op;true;7298k;OpenLinearMixModulo;true
org.kblees.hashtable.primitive.IntSetAddBenchmark.add:·gc.alloc.rate.norm;avgt;1;5;9,247892;0,506616;B/op;true;7298k;RobinHood;true
org.kblees.hashtable.primitive.IntSetAddBenchmark.add:·gc.alloc.rate.norm;avgt;1;5;5,576905;0,144894;B/op;true;8192k;SeparateChaining;true
org.kblees.hashtable.primitive.IntSetAddBenchmark.add:·gc.alloc.rate.norm;avgt;1;5;17,619434;3,063462;B/op;true;8192k;LockFree;true
org.kblees.hashtable.primitive.IntSetAddBenchmark.add:·gc.alloc.rate.norm;avgt;1;5;8,26543;0,625286;B/op;true;8192k;FastUtil;true
org.kblees.hashtable.primitive.IntSetAddBenchmark.add:·gc.alloc.rate.norm;avgt;1;5;8,336018;0,586431;B/op;true;8192k;Koloboke;true
org.kblees.hashtable.primitive.IntSetAddBenchmark.add:·gc.alloc.rate.norm;avgt;1;5;8,278429;0,609227;B/op;true;8192k;OpenLinearFibonacci;true
org.kblees.hashtable.primitive.IntSetAddBenchmark.add:·gc.alloc.rate.norm;avgt;1;5;8,360198;0,497608;B/op;true;8192k;OpenLinearMixModulo;true
org.kblees.hashtable.primitive.IntSetAddBenchmark.add:·gc.alloc.rate.norm;avgt;1;5;8,227874;0,478304;B/op;true;8192k;RobinHood;true
org.kblees.hashtable.primitive.IntSetAddBenchmark.add:·gc.alloc.rate.norm;avgt;1;5;10,187239;0,475913;B/op;true;9195k;SeparateChaining;true
org.kblees.hashtable.primitive.IntSetAddBenchmark.add:·gc.alloc.rate.norm;avgt;1;5;15,893393;3,470511;B/op;true;9195k;LockFree;true
org.kblees.hashtable.primitive.IntSetAddBenchmark.add:·gc.alloc.rate.norm;avgt;1;5;7,414207;0,634295;B/op;true;9195k;FastUtil;true
org.kblees.hashtable.primitive.IntSetAddBenchmark.add:·gc.alloc.rate.norm;avgt;1;5;7,479488;0,590681;B/op;true;9195k;Koloboke;true
org.kblees.hashtable.primitive.IntSetAddBenchmark.add:·gc.alloc.rate.norm;avgt;1;5;7,424867;0,677036;B/op;true;9195k;OpenLinearFibonacci;true
org.kblees.hashtable.primitive.IntSetAddBenchmark.add:·gc.alloc.rate.norm;avgt;1;5;7,394123;0,410039;B/op;true;9195k;OpenLinearMixModulo;true
org.kblees.hashtable.primitive.IntSetAddBenchmark.add:·gc.alloc.rate.norm;avgt;1;5;7,432402;0,321075;B/op;true;9195k;RobinHood;true
org.kblees.hashtable.primitive.IntSetAddBenchmark.add:·gc.alloc.rate.norm;avgt;1;5;8,980207;0,044998;B/op;true;10321k;SeparateChaining;true
org.kblees.hashtable.primitive.IntSetAddBenchmark.add:·gc.alloc.rate.norm;avgt;1;5;14,398587;3,614783;B/op;true;10321k;LockFree;true
org.kblees.hashtable.primitive.IntSetAddBenchmark.add:·gc.alloc.rate.norm;avgt;1;5;6,571793;0,448932;B/op;true;10321k;FastUtil;true
org.kblees.hashtable.primitive.IntSetAddBenchmark.add:·gc.alloc.rate.norm;avgt;1;5;6,680169;0,655473;B/op;true;10321k;Koloboke;true
org.kblees.hashtable.primitive.IntSetAddBenchmark.add:·gc.alloc.rate.norm;avgt;1;5;6,585395;0,606941;B/op;true;10321k;OpenLinearFibonacci;true
org.kblees.hashtable.primitive.IntSetAddBenchmark.add:·gc.alloc.rate.norm;avgt;1;5;6,650823;0,318622;B/op;true;10321k;OpenLinearMixModulo;true
org.kblees.hashtable.primitive.IntSetAddBenchmark.add:·gc.alloc.rate.norm;avgt;1;5;6,599129;0,584266;B/op;true;10321k;RobinHood;true
org.kblees.hashtable.primitive.IntSetAddBenchmark.add:·gc.alloc.rate.norm;avgt;1;5;8,049432;0,341036;B/op;true;11585k;SeparateChaining;true
org.kblees.hashtable.primitive.IntSetAddBenchmark.add:·gc.alloc.rate.norm;avgt;1;5;12,657103;2,958735;B/op;true;11585k;LockFree;true
org.kblees.hashtable.primitive.IntSetAddBenchmark.add:·gc.alloc.rate.norm;avgt;1;5;5,976531;0,609819;B/op;true;11585k;FastUtil;true
org.kblees.hashtable.primitive.IntSetAddBenchmark.add:·gc.alloc.rate.norm;avgt;1;5;11,844067;0,980234;B/op;true;11585k;Koloboke;true
org.kblees.hashtable.primitive.IntSetAddBenchmark.add:·gc.alloc.rate.norm;avgt;1;5;5,899722;0,409408;B/op;true;11585k;OpenLinearFibonacci;true
org.kblees.hashtable.primitive.IntSetAddBenchmark.add:·gc.alloc.rate.norm;avgt;1;5;5,947012;0,645602;B/op;true;11585k;OpenLinearMixModulo;true
org.kblees.hashtable.primitive.IntSetAddBenchmark.add:·gc.alloc.rate.norm;avgt;1;5;5,868088;0,563857;B/op;true;11585k;RobinHood;true
org.kblees.hashtable.primitive.IntSetAddBenchmark.add:·gc.alloc.rate.norm;avgt;1;5;7,252749;0,55485;B/op;true;13004k;SeparateChaining;true
org.kblees.hashtable.primitive.IntSetAddBenchmark.add:·gc.alloc.rate.norm;avgt;1;5;11,489204;2,612104;B/op;true;13004k;LockFree;true
org.kblees.hashtable.primitive.IntSetAddBenchmark.add:·gc.alloc.rate.norm;avgt;1;5;10,6694;0,995449;B/op;true;13004k;FastUtil;true
org.kblees.hashtable.primitive.IntSetAddBenchmark.add:·gc.alloc.rate.norm;avgt;1;5;10,674529;1,223586;B/op;true;13004k;Koloboke;true
org.kblees.hashtable.primitive.IntSetAddBenchmark.add:·gc.alloc.rate.norm;avgt;1;5;10,721009;1,140982;B/op;true;13004k;OpenLinearFibonacci;true
org.kblees.hashtable.primitive.IntSetAddBenchmark.add:·gc.alloc.rate.norm;avgt;1;5;10,62269;0,125952;B/op;true;13004k;OpenLinearMixModulo;true
org.kblees.hashtable.primitive.IntSetAddBenchmark.add:·gc.alloc.rate.norm;avgt;1;5;10,564202;0,123389;B/op;true;13004k;RobinHood;true
org.kblees.hashtable.primitive.IntSetAddBenchmark.add:·gc.alloc.rate.norm;avgt;1;5;6,398415;0,688575;B/op;true;14596k;SeparateChaining;true
org.kblees.hashtable.primitive.IntSetAddBenchmark.add:·gc.alloc.rate.norm;avgt;1;5;10,289217;2,591156;B/op;true;14596k;LockFree;true
org.kblees.hashtable.primitive.IntSetAddBenchmark.add:·gc.alloc.rate.norm;avgt;1;5;9,356615;1,06906;B/op;true;14596k;FastUtil;true
org.kblees.hashtable.primitive.IntSetAddBenchmark.add:·gc.alloc.rate.norm;avgt;1;5;9,469382;0,902386;B/op;true;14596k;Koloboke;true
org.kblees.hashtable.primitive.IntSetAddBenchmark.add:·gc.alloc.rate.norm;avgt;1;5;9,392658;0,949048;B/op;true;14596k;OpenLinearFibonacci;true
org.kblees.hashtable.primitive.IntSetAddBenchmark.add:·gc.alloc.rate.norm;avgt;1;5;9,425116;0,584613;B/op;true;14596k;OpenLinearMixModulo;true
org.kblees.hashtable.primitive.IntSetAddBenchmark.add:·gc.alloc.rate.norm;avgt;1;5;9,463294;1,242929;B/op;true;14596k;RobinHood;true
org.kblees.hashtable.primitive.IntSetAddBenchmark.add:·gc.alloc.rate.norm;avgt;1;5;5,776163;0,455353;B/op;true;16384k;SeparateChaining;true
org.kblees.hashtable.primitive.IntSetAddBenchmark.add:·gc.alloc.rate.norm;avgt;1;5;18,883861;0,812027;B/op;true;16384k;LockFree;true
org.kblees.hashtable.primitive.IntSetAddBenchmark.add:·gc.alloc.rate.norm;avgt;1;5;8,523744;0,991712;B/op;true;16384k;FastUtil;true
org.kblees.hashtable.primitive.IntSetAddBenchmark.add:·gc.alloc.rate.norm;avgt;1;5;8,564109;1,089781;B/op;true;16384k;Koloboke;true
org.kblees.hashtable.primitive.IntSetAddBenchmark.add:·gc.alloc.rate.norm;avgt;1;5;8,568452;0,031281;B/op;true;16384k;OpenLinearFibonacci;true
org.kblees.hashtable.primitive.IntSetAddBenchmark.add:·gc.alloc.rate.norm;avgt;1;5;8,593946;1,068661;B/op;true;16384k;OpenLinearMixModulo;true
org.kblees.hashtable.primitive.IntSetAddBenchmark.add:·gc.alloc.rate.norm;avgt;1;5;8,553161;0,895714;B/op;true;16384k;RobinHood;true
org.kblees.hashtable.primitive.IntSetAddBenchmark.add:·gc.alloc.rate.norm;avgt;1;5;10,34045;1,615459;B/op;true;18390k;SeparateChaining;true
org.kblees.hashtable.primitive.IntSetAddBenchmark.add:·gc.alloc.rate.norm;avgt;1;5;16,267548;5,585811;B/op;true;18390k;LockFree;true
org.kblees.hashtable.primitive.IntSetAddBenchmark.add:·gc.alloc.rate.norm;avgt;1;5;7,514002;1,177949;B/op;true;18390k;FastUtil;true
org.kblees.hashtable.primitive.IntSetAddBenchmark.add:·gc.alloc.rate.norm;avgt;1;5;7,518797;1,198275;B/op;true;18390k;Koloboke;true
org.kblees.hashtable.primitive.IntSetAddBenchmark.add:·gc.alloc.rate.norm;avgt;1;5;7,538396;0,121104;B/op;true;18390k;OpenLinearFibonacci;true
org.kblees.hashtable.primitive.IntSetAddBenchmark.add:·gc.alloc.rate.norm;avgt;1;5;7,500482;0,156634;B/op;true;18390k;OpenLinearMixModulo;true
org.kblees.hashtable.primitive.IntSetAddBenchmark.add:·gc.alloc.rate.norm;avgt;1;5;7,598533;0,944892;B/op;true;18390k;RobinHood;true
org.kblees.hashtable.primitive.IntSetAddBenchmark.add:·gc.alloc.rate.norm;avgt;1;5;9,376156;1,24258;B/op;true;20643k;SeparateChaining;true
org.kblees.hashtable.primitive.IntSetAddBenchmark.add:·gc.alloc.rate.norm;avgt;1;5;15,852316;0,2701;B/op;true;20643k;LockFree;true
org.kblees.hashtable.primitive.IntSetAddBenchmark.add:·gc.alloc.rate.norm;avgt;1;5;6,860066;1,121994;B/op;true;20643k;FastUtil;true
org.kblees.hashtable.primitive.IntSetAddBenchmark.add:·gc.alloc.rate.norm;avgt;1;5;6,906963;1,176243;B/op;true;20643k;Koloboke;true
org.kblees.hashtable.primitive.IntSetAddBenchmark.add:·gc.alloc.rate.norm;avgt;1;5;6,739636;1,07429;B/op;true;20643k;OpenLinearFibonacci;true
org.kblees.hashtable.primitive.IntSetAddBenchmark.add:·gc.alloc.rate.norm;avgt;1;5;6,856751;1,233691;B/op;true;20643k;OpenLinearMixModulo;true
org.kblees.hashtable.primitive.IntSetAddBenchmark.add:·gc.alloc.rate.norm;avgt;1;5;6,758245;1,033355;B/op;true;20643k;RobinHood;true
org.kblees.hashtable.primitive.IntSetAddBenchmark.add:·gc.alloc.rate.norm;avgt;1;5;8,424121;1,545485;B/op;true;23170k;SeparateChaining;true
org.kblees.hashtable.primitive.IntSetAddBenchmark.add:·gc.alloc.rate.norm;avgt;1;5;13,939519;2,788628;B/op;true;23170k;LockFree;true
org.kblees.hashtable.primitive.IntSetAddBenchmark.add:·gc.alloc.rate.norm;avgt;1;5;6,272713;0,945504;B/op;true;23170k;FastUtil;true
org.kblees.hashtable.primitive.IntSetAddBenchmark.add:·gc.alloc.rate.norm;avgt;1;5;12,3393;2,506432;B/op;true;23170k;Koloboke;true
org.kblees.hashtable.primitive.IntSetAddBenchmark.add:·gc.alloc.rate.norm;avgt;1;5;6,195809;1,185825;B/op;true;23170k;OpenLinearFibonacci;true
org.kblees.hashtable.primitive.IntSetAddBenchmark.add:·gc.alloc.rate.norm;avgt;1;5;6,133434;0,087203;B/op;true;23170k;OpenLinearMixModulo;true
org.kblees.hashtable.primitive.IntSetAddBenchmark.add:·gc.alloc.rate.norm;avgt;1;5;6,116871;0,061129;B/op;true;23170k;RobinHood;true
org.kblees.hashtable.primitive.IntSetAddBenchmark.add:·gc.alloc.rate.norm;avgt;1;5;7,557507;1,175597;B/op;true;26008k;SeparateChaining;true
org.kblees.hashtable.primitive.IntSetAddBenchmark.add:·gc.alloc.rate.norm;avgt;1;5;12,813478;0,248862;B/op;true;26008k;LockFree;true
org.kblees.hashtable.primitive.IntSetAddBenchmark.add:·gc.alloc.rate.norm;avgt;1;5;11,066281;2,100648;B/op;true;26008k;FastUtil;true
org.kblees.hashtable.primitive.IntSetAddBenchmark.add:·gc.alloc.rate.norm;avgt;1;5;11,185133;2,346419;B/op;true;26008k;Koloboke;true
org.kblees.hashtable.primitive.IntSetAddBenchmark.add:·gc.alloc.rate.norm;avgt;1;5;11,197261;2,347216;B/op;true;26008k;OpenLinearFibonacci;true
org.kblees.hashtable.primitive.IntSetAddBenchmark.add:·gc.alloc.rate.norm;avgt;1;5;11,06193;0,154491;B/op;true;26008k;OpenLinearMixModulo;true
org.kblees.hashtable.primitive.IntSetAddBenchmark.add:·gc.alloc.rate.norm;avgt;1;5;11,119843;0,290209;B/op;true;26008k;RobinHood;true
org.kblees.hashtable.primitive.IntSetAddBenchmark.add:·gc.alloc.rate.norm;avgt;1;5;6,843758;1,531391;B/op;true;29193k;SeparateChaining;true
org.kblees.hashtable.primitive.IntSetAddBenchmark.add:·gc.alloc.rate.norm;avgt;1;5;12,134892;5,523368;B/op;true;29193k;LockFree;true
org.kblees.hashtable.primitive.IntSetAddBenchmark.add:·gc.alloc.rate.norm;avgt;1;5;9,971996;2,282418;B/op;true;29193k;FastUtil;true
org.kblees.hashtable.primitive.IntSetAddBenchmark.add:·gc.alloc.rate.norm;avgt;1;5;9,861504;2,42309;B/op;true;29193k;Koloboke;true
org.kblees.hashtable.primitive.IntSetAddBenchmark.add:·gc.alloc.rate.norm;avgt;1;5;10,176664;0,162172;B/op;true;29193k;OpenLinearFibonacci;true
org.kblees.hashtable.primitive.IntSetAddBenchmark.add:·gc.alloc.rate.norm;avgt;1;5;9,923726;0,076275;B/op;true;29193k;OpenLinearMixModulo;true
org.kblees.hashtable.primitive.IntSetAddBenchmark.add:·gc.alloc.rate.norm;avgt;1;5;10,079772;0,307148;B/op;true;29193k;RobinHood;true
org.kblees.hashtable.primitive.IntSetAddBenchmark.add:·gc.alloc.rate.norm;avgt;1;5;6,150842;1,212675;B/op;true;32768k;SeparateChaining;true
org.kblees.hashtable.primitive.IntSetAddBenchmark.add:·gc.alloc.rate.norm;avgt;1;5;23,030685;12,895932;B/op;true;32768k;LockFree;true
org.kblees.hashtable.primitive.IntSetAddBenchmark.add:·gc.alloc.rate.norm;avgt;1;5;8,920235;0,197847;B/op;true;32768k;FastUtil;true
org.kblees.hashtable.primitive.IntSetAddBenchmark.add:·gc.alloc.rate.norm;avgt;1;5;9,157403;2,078355;B/op;true;32768k;Koloboke;true
org.kblees.hashtable.primitive.IntSetAddBenchmark.add:·gc.alloc.rate.norm;avgt;1;5;8,965732;0,129189;B/op;true;32768k;OpenLinearFibonacci;true
org.kblees.hashtable.primitive.IntSetAddBenchmark.add:·gc.alloc.rate.norm;avgt;1;5;9,112475;1,959442;B/op;true;32768k;OpenLinearMixModulo;true
org.kblees.hashtable.primitive.IntSetAddBenchmark.add:·gc.alloc.rate.norm;avgt;1;5;9,040404;0,260198;B/op;true;32768k;RobinHood;true
org.kblees.hashtable.primitive.IntSetAddBenchmark.add:·gc.alloc.rate.norm;avgt;1;5;11,24135;2,211428;B/op;true;36781k;SeparateChaining;true
org.kblees.hashtable.primitive.IntSetAddBenchmark.add:·gc.alloc.rate.norm;avgt;1;5;20,821837;10,186553;B/op;true;36781k;LockFree;true
org.kblees.hashtable.primitive.IntSetAddBenchmark.add:·gc.alloc.rate.norm;avgt;1;5;8,211432;2,193651;B/op;true;36781k;FastUtil;true
org.kblees.hashtable.primitive.IntSetAddBenchmark.add:·gc.alloc.rate.norm;avgt;1;5;8,218947;2,618357;B/op;true;36781k;Koloboke;true
org.kblees.hashtable.primitive.IntSetAddBenchmark.add:·gc.alloc.rate.norm;avgt;1;5;8,118122;1,939021;B/op;true;36781k;OpenLinearFibonacci;true
org.kblees.hashtable.primitive.IntSetAddBenchmark.add:·gc.alloc.rate.norm;avgt;1;5;8,157356;2,068771;B/op;true;36781k;OpenLinearMixModulo;true
org.kblees.hashtable.primitive.IntSetAddBenchmark.add:·gc.alloc.rate.norm;avgt;1;5;8,183948;1,958873;B/op;true;36781k;RobinHood;true
org.kblees.hashtable.primitive.IntSetAddBenchmark.add:·gc.alloc.rate.norm;avgt;1;5;10,058895;0,277759;B/op;true;41285k;SeparateChaining;true
org.kblees.hashtable.primitive.IntSetAddBenchmark.add:·gc.alloc.rate.norm;avgt;1;5;19,043675;0,258154;B/op;true;41285k;LockFree;true
org.kblees.hashtable.primitive.IntSetAddBenchmark.add:·gc.alloc.rate.norm;avgt;1;5;7,548727;1,96888;B/op;true;41285k;FastUtil;true
org.kblees.hashtable.primitive.IntSetAddBenchmark.add:·gc.alloc.rate.norm;avgt;1;5;7,629384;2,268708;B/op;true;41285k;Koloboke;true
org.kblees.hashtable.primitive.IntSetAddBenchmark.add:·gc.alloc.rate.norm;avgt;1;5;7,495721;2,394115;B/op;true;41285k;OpenLinearFibonacci;true
org.kblees.hashtable.primitive.IntSetAddBenchmark.add:·gc.alloc.rate.norm;avgt;1;5;7,386153;2,257059;B/op;true;41285k;OpenLinearMixModulo;true
org.kblees.hashtable.primitive.IntSetAddBenchmark.add:·gc.alloc.rate.norm;avgt;1;5;7,631837;2,475633;B/op;true;41285k;RobinHood;true
org.kblees.hashtable.primitive.IntSetAddBenchmark.add:·gc.alloc.rate.norm;avgt;1;5;9,569701;3,278183;B/op;true;46341k;SeparateChaining;true
org.kblees.hashtable.primitive.IntSetAddBenchmark.add:·gc.alloc.rate.norm;avgt;1;5;17,924767;11,311569;B/op;true;46341k;LockFree;true
org.kblees.hashtable.primitive.IntSetAddBenchmark.add:·gc.alloc.rate.norm;avgt;1;5;6,845671;0,224725;B/op;true;46341k;FastUtil;true
org.kblees.hashtable.primitive.IntSetAddBenchmark.add:·gc.alloc.rate.norm;avgt;1;5;13,623653;4,131786;B/op;true;46341k;Koloboke;true
org.kblees.hashtable.primitive.IntSetAddBenchmark.add:·gc.alloc.rate.norm;avgt;1;5;6,786275;0,073497;B/op;true;46341k;OpenLinearFibonacci;true
org.kblees.hashtable.primitive.IntSetAddBenchmark.add:·gc.alloc.rate.norm;avgt;1;5;6,942785;2,036544;B/op;true;46341k;OpenLinearMixModulo;true
org.kblees.hashtable.primitive.IntSetAddBenchmark.add:·gc.alloc.rate.norm;avgt;1;5;6,719493;2,006421;B/op;true;46341k;RobinHood;true
org.kblees.hashtable.primitive.IntSetAddBenchmark.add:·gc.alloc.rate.norm;avgt;1;5;8,306477;2,480772;B/op;true;52016k;SeparateChaining;true
org.kblees.hashtable.primitive.IntSetAddBenchmark.add:·gc.alloc.rate.norm;avgt;1;5;15,978124;14,946239;B/op;true;52016k;LockFree;true
org.kblees.hashtable.primitive.IntSetAddBenchmark.add:·gc.alloc.rate.norm;avgt;1;5;11,981933;4,38054;B/op;true;52016k;FastUtil;true
org.kblees.hashtable.primitive.IntSetAddBenchmark.add:·gc.alloc.rate.norm;avgt;1;5;12,344942;4,259581;B/op;true;52016k;Koloboke;true
org.kblees.hashtable.primitive.IntSetAddBenchmark.add:·gc.alloc.rate.norm;avgt;1;5;12,636003;4,460437;B/op;true;52016k;OpenLinearFibonacci;true
org.kblees.hashtable.primitive.IntSetAddBenchmark.add:·gc.alloc.rate.norm;avgt;1;5;12,420963;4,927313;B/op;true;52016k;OpenLinearMixModulo;true
org.kblees.hashtable.primitive.IntSetAddBenchmark.add:·gc.alloc.rate.norm;avgt;1;5;12,319345;4,643671;B/op;true;52016k;RobinHood;true
org.kblees.hashtable.primitive.IntSetAddBenchmark.add:·gc.alloc.rate.norm;avgt;1;5;7,702687;2,898432;B/op;true;58386k;SeparateChaining;true
org.kblees.hashtable.primitive.IntSetAddBenchmark.add:·gc.alloc.rate.norm;avgt;1;5;15,582401;14,240182;B/op;true;58386k;LockFree;true
org.kblees.hashtable.primitive.IntSetAddBenchmark.add:·gc.alloc.rate.norm;avgt;1;5;11,093973;3,659751;B/op;true;58386k;FastUtil;true
org.kblees.hashtable.primitive.IntSetAddBenchmark.add:·gc.alloc.rate.norm;avgt;1;5;11,437436;4,008801;B/op;true;58386k;Koloboke;true
org.kblees.hashtable.primitive.IntSetAddBenchmark.add:·gc.alloc.rate.norm;avgt;1;5;11,202821;0,173263;B/op;true;58386k;OpenLinearFibonacci;true
org.kblees.hashtable.primitive.IntSetAddBenchmark.add:·gc.alloc.rate.norm;avgt;1;5;11,451107;0,650887;B/op;true;58386k;OpenLinearMixModulo;true
org.kblees.hashtable.primitive.IntSetAddBenchmark.add:·gc.alloc.rate.norm;avgt;1;5;11,097064;0,150301;B/op;true;58386k;RobinHood;true
org.kblees.hashtable.primitive.IntSetAddBenchmark.add:·gc.alloc.rate.norm;avgt;1;5;7,138801;0,17673;B/op;true;65536k;SeparateChaining;true
org.kblees.hashtable.primitive.IntSetAddBenchmark.add:·gc.alloc.rate.norm;avgt;1;5;29,272289;23,144194;B/op;true;65536k;LockFree;true
org.kblees.hashtable.primitive.IntSetAddBenchmark.add:·gc.alloc.rate.norm;avgt;1;5;10,303199;3,758515;B/op;true;65536k;FastUtil;true
org.kblees.hashtable.primitive.IntSetAddBenchmark.add:·gc.alloc.rate.norm;avgt;1;5;10,634792;5,413244;B/op;true;65536k;Koloboke;true
org.kblees.hashtable.primitive.IntSetAddBenchmark.add:·gc.alloc.rate.norm;avgt;1;5;10,340048;4,77634;B/op;true;65536k;OpenLinearFibonacci;true
org.kblees.hashtable.primitive.IntSetAddBenchmark.add:·gc.alloc.rate.norm;avgt;1;5;10,685859;4,069537;B/op;true;65536k;OpenLinearMixModulo;true
org.kblees.hashtable.primitive.IntSetAddBenchmark.add:·gc.alloc.rate.norm;avgt;1;5;10,689233;4,084195;B/op;true;65536k;RobinHood;true
org.kblees.hashtable.primitive.IntSetAddBenchmark.add:·gc.alloc.rate.norm;avgt;1;5;12,13692;5,131215;B/op;true;73562k;SeparateChaining;true
org.kblees.hashtable.primitive.IntSetAddBenchmark.add:·gc.alloc.rate.norm;avgt;1;5;26,225751;1,855178;B/op;true;73562k;LockFree;true
org.kblees.hashtable.primitive.IntSetAddBenchmark.add:·gc.alloc.rate.norm;avgt;1;5;9,173488;4,013386;B/op;true;73562k;FastUtil;true
org.kblees.hashtable.primitive.IntSetAddBenchmark.add:·gc.alloc.rate.norm;avgt;1;5;9,000903;5,028134;B/op;true;73562k;Koloboke;true
org.kblees.hashtable.primitive.IntSetAddBenchmark.add:·gc.alloc.rate.norm;avgt;1;5;9,475049;3,8522;B/op;true;73562k;OpenLinearFibonacci;true
org.kblees.hashtable.primitive.IntSetAddBenchmark.add:·gc.alloc.rate.norm;avgt;1;5;9,197105;0,204324;B/op;true;73562k;OpenLinearMixModulo;true
org.kblees.hashtable.primitive.IntSetAddBenchmark.add:·gc.alloc.rate.norm;avgt;1;5;9,274371;3,937241;B/op;true;73562k;RobinHood;true
org.kblees.hashtable.primitive.IntSetAddBenchmark.add:·gc.alloc.rate.norm;avgt;1;5;11,648228;0,534348;B/op;true;82570k;SeparateChaining;true
org.kblees.hashtable.primitive.IntSetAddBenchmark.add:·gc.alloc.rate.norm;avgt;1;5;26,157312;1,773533;B/op;true;82570k;LockFree;true
org.kblees.hashtable.primitive.IntSetAddBenchmark.add:·gc.alloc.rate.norm;avgt;1;5;8,676706;4,039613;B/op;true;82570k;FastUtil;true
org.kblees.hashtable.primitive.IntSetAddBenchmark.add:·gc.alloc.rate.norm;avgt;1;5;8,764725;5,603897;B/op;true;82570k;Koloboke;true
org.kblees.hashtable.primitive.IntSetAddBenchmark.add:·gc.alloc.rate.norm;avgt;1;5;8,529385;3,88543;B/op;true;82570k;OpenLinearFibonacci;true
org.kblees.hashtable.primitive.IntSetAddBenchmark.add:·gc.alloc.rate.norm;avgt;1;5;9,091742;4,362255;B/op;true;82570k;OpenLinearMixModulo;true
org.kblees.hashtable.primitive.IntSetAddBenchmark.add:·gc.alloc.rate.norm;avgt;1;5;8,810327;0,123064;B/op;true;82570k;RobinHood;true
org.kblees.hashtable.primitive.IntSetAddBenchmark.add:·gc.alloc.rate.norm;avgt;1;5;11,57843;0,56103;B/op;true;92682k;SeparateChaining;true
org.kblees.hashtable.primitive.IntSetAddBenchmark.add:·gc.alloc.rate.norm;avgt;1;5;26,001844;2,14204;B/op;true;92682k;LockFree;true
org.kblees.hashtable.primitive.IntSetAddBenchmark.add:·gc.alloc.rate.norm;avgt;1;5;8,229752;5,930055;B/op;true;92682k;FastUtil;true
org.kblees.hashtable.primitive.IntSetAddBenchmark.add:·gc.alloc.rate.norm;avgt;1;5;15,95466;9,442844;B/op;true;92682k;Koloboke;true
org.kblees.hashtable.primitive.IntSetAddBenchmark.add:·gc.alloc.rate.norm;avgt;1;5;8,434046;3,84949;B/op;true;92682k;OpenLinearFibonacci;true
org.kblees.hashtable.primitive.IntSetAddBenchmark.add:·gc.alloc.rate.norm;avgt;1;5;8,022148;5,322089;B/op;true;92682k;OpenLinearMixModulo;true
org.kblees.hashtable.primitive.IntSetAddBenchmark.add:·gc.alloc.rate.norm;avgt;1;5;8,415482;3,860984;B/op;true;92682k;RobinHood;true
org.kblees.hashtable.primitive.IntSetAddBenchmark.add:·gc.alloc.rate.norm;avgt;1;5;10,038559;6,196042;B/op;true;104032k;SeparateChaining;true
org.kblees.hashtable.primitive.IntSetAddBenchmark.add:·gc.alloc.rate.norm;avgt;1;5;23,45457;23,169185;B/op;true;104032k;LockFree;true
org.kblees.hashtable.primitive.IntSetAddBenchmark.add:·gc.alloc.rate.norm;avgt;1;5;14,556669;9,097266;B/op;true;104032k;FastUtil;true
org.kblees.hashtable.primitive.IntSetAddBenchmark.add:·gc.alloc.rate.norm;avgt;1;5;15,133419;8,435977;B/op;true;104032k;Koloboke;true
org.kblees.hashtable.primitive.IntSetAddBenchmark.add:·gc.alloc.rate.norm;avgt;1;5;15,334487;9,5415;B/op;true;104032k;OpenLinearFibonacci;true
org.kblees.hashtable.primitive.IntSetAddBenchmark.add:·gc.alloc.rate.norm;avgt;1;5;14,695719;7,962381;B/op;true;104032k;OpenLinearMixModulo;true
org.kblees.hashtable.primitive.IntSetAddBenchmark.add:·gc.alloc.rate.norm;avgt;1;5;15,233721;9,343691;B/op;true;104032k;RobinHood;true
org.kblees.hashtable.primitive.IntSetAddBenchmark.add:·gc.alloc.rate.norm;avgt;1;5;8,578696;0,105611;B/op;true;116772k;SeparateChaining;true
org.kblees.hashtable.primitive.IntSetAddBenchmark.add:·gc.alloc.rate.norm;avgt;1;5;20,44366;27,031382;B/op;true;116772k;LockFree;true
org.kblees.hashtable.primitive.IntSetAddBenchmark.add:·gc.alloc.rate.norm;avgt;1;5;12,857486;0,110494;B/op;true;116772k;FastUtil;true
org.kblees.hashtable.primitive.IntSetAddBenchmark.add:·gc.alloc.rate.norm;avgt;1;5;13,550483;8,540148;B/op;true;116772k;Koloboke;true
org.kblees.hashtable.primitive.IntSetAddBenchmark.add:·gc.alloc.rate.norm;avgt;1;5;13,571702;0,316002;B/op;true;116772k;OpenLinearFibonacci;true
org.kblees.hashtable.primitive.IntSetAddBenchmark.add:·gc.alloc.rate.norm;avgt;1;5;13,489123;0,200464;B/op;true;116772k;OpenLinearMixModulo;true
org.kblees.hashtable.primitive.IntSetAddBenchmark.add:·gc.alloc.rate.norm;avgt;1;5;13,520315;0,178323;B/op;true;116772k;RobinHood;true
org.kblees.hashtable.primitive.IntSetAddBenchmark.add:·gc.alloc.rate.norm;avgt;1;5;8,658932;0,228173;B/op;true;131072k;SeparateChaining;true
org.kblees.hashtable.primitive.IntSetAddBenchmark.add:·gc.alloc.rate.norm;avgt;1;5;51,766664;71,636483;B/op;true;131072k;LockFree;true
org.kblees.hashtable.primitive.IntSetAddBenchmark.add:·gc.alloc.rate.norm;avgt;1;5;13,242584;0,783556;B/op;true;131072k;FastUtil;true
org.kblees.hashtable.primitive.IntSetAddBenchmark.add:·gc.alloc.rate.norm;avgt;1;5;13,591266;8,453517;B/op;true;131072k;Koloboke;true
org.kblees.hashtable.primitive.IntSetAddBenchmark.add:·gc.alloc.rate.norm;avgt;1;5;12,693104;8,081191;B/op;true;131072k;OpenLinearFibonacci;true
org.kblees.hashtable.primitive.IntSetAddBenchmark.add:·gc.alloc.rate.norm;avgt;1;5;12,635786;7,900679;B/op;true;131072k;OpenLinearMixModulo;true
org.kblees.hashtable.primitive.IntSetAddBenchmark.add:·gc.alloc.rate.norm;avgt;1;5;12,513521;7,775993;B/op;true;131072k;RobinHood;true
org.kblees.hashtable.primitive.IntSetAddBenchmark.add:·gc.alloc.rate.norm;avgt;1;5;15,588431;13,434225;B/op;true;147123k;SeparateChaining;true
org.kblees.hashtable.primitive.IntSetAddBenchmark.add:·gc.alloc.rate.norm;avgt;1;5;51,456046;70,985783;B/op;true;147123k;LockFree;true
org.kblees.hashtable.primitive.IntSetAddBenchmark.add:·gc.alloc.rate.norm;avgt;1;5;11,529436;9,966564;B/op;true;147123k;FastUtil;true
org.kblees.hashtable.primitive.IntSetAddBenchmark.add:·gc.alloc.rate.norm;avgt;1;5;11,920953;11,000685;B/op;true;147123k;Koloboke;true
org.kblees.hashtable.primitive.IntSetAddBenchmark.add:·gc.alloc.rate.norm;avgt;1;5;11,828287;9,385109;B/op;true;147123k;OpenLinearFibonacci;true
org.kblees.hashtable.primitive.IntSetAddBenchmark.add:·gc.alloc.rate.norm;avgt;1;5;11,918108;10,230583;B/op;true;147123k;OpenLinearMixModulo;true
org.kblees.hashtable.primitive.IntSetAddBenchmark.add:·gc.alloc.rate.norm;avgt;1;5;11,850666;9,565366;B/op;true;147123k;RobinHood;true
org.kblees.hashtable.primitive.IntSetAddBenchmark.add:·gc.alloc.rate.norm;avgt;1;5;15,538299;12,115779;B/op;true;165140k;SeparateChaining;true
org.kblees.hashtable.primitive.IntSetAddBenchmark.add:·gc.alloc.rate.norm;avgt;1;5;43,735407;66,902006;B/op;true;165140k;LockFree;true
org.kblees.hashtable.primitive.IntSetAddBenchmark.add:·gc.alloc.rate.norm;avgt;1;5;10,790301;10,911422;B/op;true;165140k;FastUtil;true
org.kblees.hashtable.primitive.IntSetAddBenchmark.add:·gc.alloc.rate.norm;avgt;1;5;11,058221;10,045166;B/op;true;165140k;Koloboke;true
org.kblees.hashtable.primitive.IntSetAddBenchmark.add:·gc.alloc.rate.norm;avgt;1;5;10,946021;9,632816;B/op;true;165140k;OpenLinearFibonacci;true
org.kblees.hashtable.primitive.IntSetAddBenchmark.add:·gc.alloc.rate.norm;avgt;1;5;10,319563;9,102517;B/op;true;165140k;OpenLinearMixModulo;true
org.kblees.hashtable.primitive.IntSetAddBenchmark.add:·gc.alloc.rate.norm;avgt;1;5;11,120484;10,653888;B/op;true;165140k;RobinHood;true
org.kblees.hashtable.primitive.IntSetAddBenchmark.add:·gc.alloc.rate.norm;avgt;1;5;13,018011;10,210232;B/op;true;185364k;SeparateChaining;true
org.kblees.hashtable.primitive.IntSetAddBenchmark.add:·gc.alloc.rate.norm;avgt;1;5;37,46958;54,268629;B/op;true;185364k;LockFree;true
org.kblees.hashtable.primitive.IntSetAddBenchmark.add:·gc.alloc.rate.norm;avgt;1;5;9,518734;1,852065;B/op;true;185364k;FastUtil;true
org.kblees.hashtable.primitive.IntSetAddBenchmark.add:·gc.alloc.rate.norm;avgt;1;5;20,619545;2,192197;B/op;true;185364k;Koloboke;true
org.kblees.hashtable.primitive.IntSetAddBenchmark.add:·gc.alloc.rate.norm;avgt;1;5;10,051606;8,844199;B/op;true;185364k;OpenLinearFibonacci;true
org.kblees.hashtable.primitive.IntSetAddBenchmark.add:·gc.alloc.rate.norm;avgt;1;5;9,574901;2,111586;B/op;true;185364k;OpenLinearMixModulo;true
org.kblees.hashtable.primitive.IntSetAddBenchmark.add:·gc.alloc.rate.norm;avgt;1;5;10,097473;9,14714;B/op;true;185364k;RobinHood;true
org.kblees.hashtable.primitive.IntSetAddBenchmark.add:·gc.alloc.rate.norm;avgt;1;5;13,25528;10,266913;B/op;true;208064k;SeparateChaining;true
org.kblees.hashtable.primitive.IntSetAddBenchmark.add:·gc.alloc.rate.norm;avgt;1;5;38,209314;53,640129;B/op;true;208064k;LockFree;true
org.kblees.hashtable.primitive.IntSetAddBenchmark.add:·gc.alloc.rate.norm;avgt;1;5;18,097657;0,276896;B/op;true;208064k;FastUtil;true
org.kblees.hashtable.primitive.IntSetAddBenchmark.add:·gc.alloc.rate.norm;avgt;1;5;21,157174;3,884029;B/op;true;208064k;Koloboke;true
org.kblees.hashtable.primitive.IntSetAddBenchmark.add:·gc.alloc.rate.norm;avgt;1;5;19,57642;2,048322;B/op;true;208064k;OpenLinearFibonacci;true
org.kblees.hashtable.primitive.IntSetAddBenchmark.add:·gc.alloc.rate.norm;avgt;1;5;19,077155;2,496594;B/op;true;208064k;OpenLinearMixModulo;true
org.kblees.hashtable.primitive.IntSetAddBenchmark.add:·gc.alloc.rate.norm;avgt;1;5;19,888871;3,506828;B/op;true;208064k;RobinHood;true
org.kblees.hashtable.primitive.IntSetAddBenchmark.add:·gc.alloc.rate.norm;avgt;1;5;11,938117;0,133158;B/op;true;233544k;SeparateChaining;true
org.kblees.hashtable.primitive.IntSetAddBenchmark.add:·gc.alloc.rate.norm;avgt;1;5;45,088684;73,183638;B/op;true;233544k;LockFree;true
org.kblees.hashtable.primitive.IntSetAddBenchmark.add:·gc.alloc.rate.norm;avgt;1;5;18,560569;1,710103;B/op;true;233544k;FastUtil;true
org.kblees.hashtable.primitive.IntSetAddBenchmark.add:·gc.alloc.rate.norm;avgt;1;5;20,873222;5,730093;B/op;true;233544k;Koloboke;true
org.kblees.hashtable.primitive.IntSetAddBenchmark.add:·gc.alloc.rate.norm;avgt;1;5;19,637034;2,257461;B/op;true;233544k;OpenLinearFibonacci;true
org.kblees.hashtable.primitive.IntSetAddBenchmark.add:·gc.alloc.rate.norm;avgt;1;5;19,182774;2,271877;B/op;true;233544k;OpenLinearMixModulo;true
org.kblees.hashtable.primitive.IntSetAddBenchmark.add:·gc.alloc.rate.norm;avgt;1;5;19,721818;3,843848;B/op;true;233544k;RobinHood;true
org.kblees.hashtable.primitive.IntSetAddBenchmark.add:·gc.alloc.rate.norm;avgt;1;5;10,772688;10,576633;B/op;true;262144k;SeparateChaining;true
org.kblees.hashtable.primitive.IntSetAddBenchmark.add:·gc.alloc.rate.norm;avgt;1;5;95,683946;188,437421;B/op;true;262144k;LockFree;true
org.kblees.hashtable.primitive.IntSetAddBenchmark.add:·gc.alloc.rate.norm;avgt;1;5;16,676732;16,784218;B/op;true;262144k;FastUtil;true
org.kblees.hashtable.primitive.IntSetAddBenchmark.add:·gc.alloc.rate.norm;avgt;1;5;18,631573;17,58749;B/op;true;262144k;Koloboke;true
org.kblees.hashtable.primitive.IntSetAddBenchmark.add:·gc.alloc.rate.norm;avgt;1;5;17,687015;17,503817;B/op;true;262144k;OpenLinearFibonacci;true
org.kblees.hashtable.primitive.IntSetAddBenchmark.add:·gc.alloc.rate.norm;avgt;1;5;17,048713;16,855888;B/op;true;262144k;OpenLinearMixModulo;true
org.kblees.hashtable.primitive.IntSetAddBenchmark.add:·gc.alloc.rate.norm;avgt;1;5;17,604948;17,615332;B/op;true;262144k;RobinHood;true
